lemma_clean,lemma_macron,full_headword_source,pos,semantic_group,rank,definition_source
a,ā,ā ab abs,Preposition,Place,21,"from, by (+abl.)"
abeo,abeō,abeō -īre -iī -itum,Verb: Irregular,Motion,553,go away
absum,absum,absum abesse āfuī,Verb: Irregular,Travel,445,"be away, absent"
ac,ac,ac,Conjunction,Conjunctions/Adverbs,36,"and in addition, and also, and; (after comparatives) than; simul ac, as soon as; → atque"
accedo,accēdō,accēdō -cēdere -cessī -cessum,Verb: 3rd Conjugation -ō,Motion,614,approach
accido,accidō,accidō -cidere -cidī,Verb: 3rd Conjugation -ō,Motion,799,fall; happen
accipio,accipiō,accipiō -cipere -cēpī -ceptum,Verb: 3rd Conjugation -iō,Social Life,110,receive
acer,ācer,ācer ācris ācre,Adjective: 3rd Declension,Other Senses,587,"sharp, piercing"
acies,aciēs,aciēs -ēī f.,Noun: 5th Declension,War and Peace,439,edge; line of battle
ad,ad,ad,Preposition,Place,14,"to, up to, towards (+acc.)"
addo,addō,addō -dere -didī -ditum,Verb: 3rd Conjugation -ō,Social Life,433,give to
adduco,addūcō,addūcō -ere -dūxī -ductum,Verb: 3rd Conjugation -ō,Verbs of Compelling/Directing,886,"lead to, induce"
adeo,adeō,adeō -īre -iī -itum,Verb: Irregular,Motion,595,go to
adeo,adeō,adeō,Adverb,Conjunctions/Adverbs,555,"(adv.) to such a degree, so"
adhibeo,adhibeō,adhibeō -hibēre -hibuī -hibitum,Verb: 2nd Conjugation,Making/Doing,959,apply
adhuc,adhūc,adhūc,Adverb,Place,379,"thus far, to this point"
advenio,adveniō,adveniō -īre -vēnī -ventum,Verb: 4th Conjugation,Travel,987,"come to, arrive at"
adversus,adversus,adversus -a -um,Adjective: 1st and 2nd Declension,War and Peace,657,"facing, opposed; unfavorable"
adversus,adversus,adversus (-um),Adverb,War and Peace,460,"(adv. and prep.) facing, opposite, against, opposed (to)"
adverto,advertō,advertō -vertere -vertī -versum,Verb: 3rd Conjugation -ō,Motion,986,turn towards
aedes,aedēs,aedēs -is f.,Noun: 3rd Declension,The House,965,building; (pl.) house
aeger,aeger,aeger aegra aegrum,Adjective: 1st and 2nd Declension,Life and Being,810,sick
aegre,aegrē,aegrē,Adverb,Life and Being,984,with difficulty
aeque,aequē,aequē,Adverb,Justice,904,equally
aequor,aequor,aequor aequoris n.,Noun: 3rd Declension,Earth and Water,424,"level surface, sea, plain"
aequus,aequus,aequus -a -um,Adjective: 1st and 2nd Declension,Justice,610,equal
aer,āēr,āēr āeris m.,Noun: 3rd Declension,Air and Fire,845,air
aes,aes,aes aeris n.,Noun: 3rd Declension,Business/Money,744,"copper, bronze"
aetas,aetās,aetās -tātis f.,Noun: 3rd Declension,Lengths of Time,308,"age, time of life"
aeternus,aeternus,aeternus -a -um,Adjective: 1st and 2nd Declension,Lengths of Time,734,"everlasting, eternal"
aether,aethēr,aethēr aetheris n.,Noun: 3rd Declension,Air and Fire,851,"pure upper air, ether, heaven, sky"
aevum,aevum,aevum -i n.,Noun: 2nd Declension,Lengths of Time,875,"eternity; lifetime, age"
affero,afferō,afferō afferre attulī allātum,Verb: Irregular,Verbs of Transport,514,bring to
afficio,afficiō,afficiō -ficere -fēcī -fectum,Verb: 3rd Conjugation -iō,Social Life,958,"affect, visit with (+ abl.)"
ager,ager,ager agrī m.,Noun: 2nd Declension,Animals/Plants,324,field
agito,agitō,agitō -āre,Verb: 1st Conjugation,Verbs of Compelling/Directing,578,drive
agmen,āgmen,āgmen -minis n.,Noun: 3rd Declension,War and Peace,358,line of march
ago,agō,agō agere ēgī āctum,Verb: 3rd Conjugation -ō,Verbs of Compelling/Directing,69,"drive, do, act"
aio,aiō,aiō,Verb: Irregular,Speech/Oratory,406,"say, affirm, say yes; ut āiunt: as they say"
albus,albus,albus -a -um,Adjective: 1st and 2nd Declension,Vision,925,white
alienus,aliēnus,aliēnus -a -um,Adjective: 1st and 2nd Declension,Geography,367,"foreign, strange"
aliquando,aliquandō,aliquandō,Adverb,Time,763,"at some time, at length"
aliquis,aliquis,aliquis -quae -quod,Pronoun,Pronouns/Interrogatives,77,"some, any; si quis, si quid: anyone who, anything that"
aliter,aliter,aliter,Adverb,Conjunctions/Adverbs,782,"otherwise, differently"
alius,alius,alius -a -ud,Adjective: 1st and 2nd Declension,Pronouns/Interrogatives,37,"other, another; ālias: at another time"
alo,alō,alō alere aluī alitum,Verb: 3rd Conjugation -ō,Life and Being,817,nourish
alter,alter,alter altera alterum,Adjective: 1st and 2nd Declension,Measurement,148,other of two
altus,altus,altus -a -um,Adjective: 1st and 2nd Declension,Geography,159,"high, lofty; deep"
amicitia,amīcitia,amīcitia -ae f.,Noun: 1st Declension,Social Life,690,friendship
amicus,amīcus,amīcus -a -um,Adjective: 1st and 2nd Declension,Personality Traits/Characteristics,198,friendly; (as subst.) friend
amitto,āmittō,āmittō -mittere -mīsī -missum,Verb: 3rd Conjugation -ō,Verbs of Compelling/Directing,486,"let go, send away"
amnis,amnis,amnis -is m.,Noun: 3rd Declension,Earth and Water,467,"river, torrent"
amo,amō,amō -āre,Verb: 1st Conjugation,Love,219,to love; amāns -ntis m./f.: lover
amor,amor,amor -ōris m.,Noun: 3rd Declension,Love,116,love
amplus,amplus,amplus -a -um,Adjective: 1st and 2nd Declension,Measurement,915,"large, spacious"
an,an,an,Conjunction,Conjunctions/Adverbs,94,or (in questions); utrum ... an: whether ... or
anima,anima,anima -ae f.,Noun: 1st Declension,Life and Being,493,"breath, spirit"
animal,animal,animal -ālis n.,Noun: 3rd Declension,Animals/Plants,547,"a living being, an animal"
animus,animus,animus -ī m.,Noun: 2nd Declension,Life and Being,40,"spirit, mind"
annus,annus,annus -ī m.,Noun: 2nd Declension,Lengths of Time,167,year
ante,ante,ante,Preposition,Time,112,"before, in front of (adv. and prep. + acc.)"
antequam,antequam,antequam,Conjunction,Time,787,before
antiquus,antīquus,antīquus -a -um,Adjective: 1st and 2nd Declension,Lengths of Time,617,"ancient, old-time, former"
aperio,aperiō,aperiō aperīre aperuī apertum,Verb: 4th Conjugation,The House,837,open
appareo,appāreō,appāreō -ēre -uī,Verb: 2nd Conjugation,Vision,830,"appear, become visible"
appello,appellō,appellō -pellāre,Verb: 1st Conjugation,Social Life,700,"call, address, name"
aptus,aptus,aptus -a -um,Adjective: 1st and 2nd Declension,Personality Traits/Characteristics,916,"fit, suitable"
apud,apud,apud,Preposition,Place,205,"near, in the presence of (+acc.)"
aqua,aqua,aqua -ae f.,Noun: 1st Declension,Earth and Water,272,water
ara,āra,āra -ae f.,Noun: 1st Declension,Religion,374,altar
arbitror,arbitror,arbitror arbitrārī arbitrātus sum,Verb: Deponent,Education/Knowledge,963,"consider, think"
arbor,arbor,arbor arboris f.,Noun: 3rd Declension,Animals/Plants,468,tree
ardeo,ārdeō,ārdeō ārdēre ārsī ārsum,Verb: 2nd Conjugation,Air and Fire,618,"blaze, glow; be eager"
argentum,argentum,argentum -ī n.,Noun: 2nd Declension,Business/Money,849,"silver, money"
arma,arma,arma -ōrum n. pl.,Noun: 2nd Declension,War and Peace,98,"arms, weapons"
ars,ars,ars artis f.,Noun: 3rd Declension,Education/Knowledge,258,skill
arvum,arvum,arvum -ī n.,Noun: 2nd Declension,Animals/Plants,637,"ploughed land, field"
arx,arx,arx arcis f.,Noun: 3rd Declension,The City,638,"citadel, castle; summit"
ascendo,ascendō,ascendō -ere -scendī -scēnsum,Verb: 3rd Conjugation -ō,Travel,990,"climb up, ascend"
aspicio,aspiciō,aspiciō -ere -spēxī -spectum,Verb: 3rd Conjugation -iō,Vision,483,"look to or at, behold"
adsum,adsum,adsum adesse affuī,Verb: Irregular,Place,279,be present
astrum,astrum,astrum -ī n.,Noun: 2nd Declension,Air and Fire,685,star; constellation
at,at,at,Conjunction,Conjunctions/Adverbs,74,"but, but yet"
atque,atque,atque,Conjunction,Conjunctions/Adverbs,35,"and in addition, and also, and; (after comparatives) than; simul atque, as soon as; → ac"
auctor,auctor,auctor -ōris m.,Noun: 3rd Declension,Writing/Poetry,546,"originator, founder"
auctoritas,auctōritās,auctōritās -ātis f.,Noun: 3rd Declension,Social Life,898,"influence, clout, authority"
audax,audāx,audāx audācis,Adjective: 3rd Declension,Personality Traits/Characteristics,876,"bold, daring; reckless"
audeo,audeō,audeō audēre ausus sum,Verb: 2nd Conjugation,Personality Traits/Characteristics,270,"dare, be eager"
audio,audiō,audiō -īre -īvī/-iī -ītum,Verb: 4th Conjugation,Other Senses,165,"hear, listen to"
aufero,auferō,auferō auferre abstulī ablātum,Verb: Irregular,Verbs of Transport,556,take away
augeo,augeō,augeō augēre auxī auctum,Verb: 2nd Conjugation,Making/Doing,709,increase
avis,avis,avis -is f.,Noun: 3rd Declension,Animals/Plants,855,bird
aura,aura,aura -ae f.,Noun: 1st Declension,Air and Fire,420,breeze
aureus,aureus,aureus -a -um,Adjective: 1st and 2nd Declension,Business/Money,691,golden; splendid
auris,auris,auris -is f.,Noun: 3rd Declension,The Body,366,ear
aurum,aurum,aurum -ī n.,Noun: 2nd Declension,Business/Money,303,gold
aut,aut,aut,Conjunction,Conjunctions/Adverbs,24,or
autem,autem,autem,Conjunction,Conjunctions/Adverbs,123,"moreover, but, however"
auxilium,auxilium,auxilium -ī n.,Noun: 2nd Declension,War and Peace,543,"support, assistance; (pl.) auxiliary forces"
barbarus,barbarus,barbarus -ī m.,Noun: 2nd Declension,War and Peace,768,"foreigner, barbarian"
beatus,beātus,beātus -a -um,Adjective: 1st and 2nd Declension,Personality Traits/Characteristics,408,"happy, blessed, prosperous, fortunate"
bellum,bellum,bellum -ī n.,Noun: 2nd Declension,War and Peace,86,war
bene,bene,bene,Adverb,Personality Traits/Characteristics,235,well
beneficium,beneficium,beneficium -ī n.,Noun: 2nd Declension,Social Life,182,"service, kindness"
bonus,bonus,bonus -a -um,Adjective: 1st and 2nd Declension,Personality Traits/Characteristics,68,good
bos,bōs,bōs bovis m.,Noun: 3rd Declension,Animals/Plants,808,ox; gen. pl. boum
brevis,brevis,brevis -e,Adjective: 3rd Declension,Measurement,589,"short, shallow, brief"
breviter,breviter,breviter,Adverb,Measurement,992,briefly
cado,cadō,cadō cadere cecidī cāsum,Verb: 3rd Conjugation -ō,Violence,210,"fall, be killed"
caecus,caecus,caecus -a -um,Adjective: 1st and 2nd Declension,Vision,728,"blind, unseeing; dark, obscure"
caedes,caedēs,caedēs -is f.,Noun: 3rd Declension,Violence,415,"killing, slaughter"
caedo,caedō,caedō caedere cecīdī caesum,Verb: 3rd Conjugation -ō,Violence,612,"strike, kill, cut down"
caelestis,caelestis,caelestis -e,Adjective: 3rd Declension,Air and Fire,960,"from or of heaven; caelestēs, the gods"
caelum,caelum,caelum -ī n.,Noun: 2nd Declension,Air and Fire,117,"sky, heavens"
campus,campus,campus -ī m.,Noun: 2nd Declension,Earth and Water,391,"plain, field"
candidus,candidus,candidus -a -um,Adjective: 1st and 2nd Declension,Vision,692,"white, fair"
canis,canis,canis -is m./f.,Noun: 3rd Declension,Animals/Plants,687,dog
cano,canō,canō canere cecinī cantum,Verb: 3rd Conjugation -ō,Writing/Poetry,389,sing
capio,capiō,capiō capere cēpī captum,Verb: 3rd Conjugation -iō,War and Peace,131,seize
caput,caput,caput capitis n.,Noun: 3rd Declension,The Body,124,head
careo,careō,careō -ēre -uī,Verb: 2nd Conjugation,Business/Money,572,lack (+ abl.)
carmen,carmen,carmen -inis n.,Noun: 3rd Declension,Writing/Poetry,254,song
carus,cārus,cārus -a -um,Adjective: 1st and 2nd Declension,Personality Traits/Characteristics,462,dear
castrum,castrum,castrum -ī n.,Noun: 2nd Declension,War and Peace,224,"fortress, (regularly plural, castra camp)"
castus,castus,castus -a -um,Adjective: 1st and 2nd Declension,Personality Traits/Characteristics,838,"pure, spotless, chaste"
casus,cāsus,cāsus -ūs m.,Noun: 4th Declension,Violence,344,"a fall; chance, accident"
caveo,caveō,caveō cavēre cāvī cautum,Verb: 2nd Conjugation,Violence,941,"be on guard, beware"
causa,causa,causa -ae f.,Noun: 1st Declension,Speech/Oratory,107,"cause, reason; causā + preceding genitive, for the sake of"
cedo,cēdō,cēdō cēdere cessī cessum,Verb: 3rd Conjugation -ō,War and Peace,304,"go, move; yield"
celebro,celebrō,celebrō -āre,Verb: 1st Conjugation,The City,893,"frequent, throng, crowd"
celer,celer,celer -is -e,Adjective: 3rd Declension,Time,745,swift
celeriter,celeriter,celeriter,Adverb,Time,967,quickly
censeo,cēnseō,cēnseō cēnsēre cēnsuī cēnsum,Verb: 2nd Conjugation,Education/Knowledge,928,"assess, rate; think, decide"
centum,centum,centum,Adjective: Numeral,Measurement,730,one hundred
cerno,cernō,cernō cernere crēvī crētum,Verb: 3rd Conjugation -ō,Education/Knowledge,655,"discern, separate"
certe,certē,certē,Adverb,Measurement,601,"certainly, surely"
certo,certō,certō -āre,Verb: 1st Conjugation,Athletics,864,"decide by contest; fight, compete, vie"
certus,certus,certus -a -um,Adjective: 1st and 2nd Declension,Measurement,285,"sure, fixed"
ceterum,cēterum,cēterum,Adverb,Pronouns/Interrogatives,571,"for the rest, in addition, however that may be"
ceterus,cēterus,cēterus -a -um,Adjective: 1st and 2nd Declension,Pronouns/Interrogatives,596,"the other, the others, the rest"
cibus,cibus,cibus -ī m.,Noun: 2nd Declension,Life and Being,863,food
cingo,cingō,cingō cingere cīnxī cīnctum,Verb: 3rd Conjugation -ō,War and Peace,814,"encircle, surround, gird"
cinis,cinis,cinis cineris m./f.,Noun: 3rd Declension,Air and Fire,779,"ashes, embers"
circa,circā,circā,Preposition,Place,735,around (adv. and prep. +acc.)
citus,citus,citus -a -um,Adjective: 1st and 2nd Declension,Time,590,swift; citō swiftly
civis,cīvis,cīvis -is m./f.,Noun: 3rd Declension,The City,471,citizen
civitas,cīvitās,cīvitās -ātis f.,Noun: 3rd Declension,The City,346,"citizenship, state"
clamor,clāmor,clāmor -ōris m.,Noun: 3rd Declension,Speech/Oratory,605,"outcry, shout"
clarus,clārus,clārus -a -um,Adjective: 1st and 2nd Declension,Personality Traits/Characteristics,395,"clear, distinguished"
classis,classis,classis -is f.,Noun: 3rd Declension,War and Peace,505,"class, division, fleet"
claudo,claudō,claudō claudere clausī clausum,Verb: 3rd Conjugation -ō,The House,392,"close, shut"
coepi,coepī,coepī coepisse coeptus,Verb: Irregular,Time,312,begin
cogito,cōgitō,cōgitō -āre,Verb: 1st Conjugation,Education/Knowledge,515,"think, reflect"
cognosco,cōgnōscō,cōgnōscō -gnōscere -gnōvī -gnitum,Verb: 3rd Conjugation -ō,Education/Knowledge,339,"learn, understand"
cogo,cōgō,cōgō cōgere coēgī coāctum,Verb: 3rd Conjugation -ō,Verbs of Compelling/Directing,250,drive together; compel
cohors,cohors,cohors cohortis f.,Noun: 3rd Declension,War and Peace,666,"cohort, band, troop"
colligo,colligō,colligō -ere -lēgī -lēctum,Verb: 3rd Conjugation -ō,Verbs of Compelling/Directing,820,"gather together, collect"
colo,colō,colō colere coluī cultum,Verb: 3rd Conjugation -ō,Animals/Plants,333,"inhabit, cultivate"
color,color,color -ōris m.,Noun: 3rd Declension,Vision,725,color
coma,coma,coma -ae f.,Noun: 1st Declension,The Body,405,"hair, tresses"
comes,comes,comes comitis m./f.,Noun: 3rd Declension,Social Life,448,"companion, comrade; attendant, follower"
committo,committō,committō -mittere -mīsī -missum,Verb: 3rd Conjugation -ō,Social Life,608,"join, entrust to (+ dat.); perform, do"
communis,commūnis,commūnis -e,Adjective: 3rd Declension,The City,660,"common, general"
comparo,comparō,comparō -āre,Verb: 1st Conjugation,Business/Money,890,"get ready, provide; compare"
compono,compōnō,compōnō -pōnere posuī positum,Verb: 3rd Conjugation -ō,Making/Doing,443,"build, construct, arrange"
concedo,concēdō,concēdō -cēdere -cessī -cessum,Verb: 3rd Conjugation -ō,War and Peace,663,"yield, withdraw"
condicio,condīciō,condīciō -ōnis f.,Noun: 3rd Declension,Business/Money,920,"agreement, condition"
condo,condō,condō -dere -didī -ditum,Verb: 3rd Conjugation -ō,The City,540,"build, found; store up; hide, conceal"
confero,cōnferō,cōnferō cōnferre contulī collātum,Verb: Irregular,Verbs of Transport,645,"collect, bring to"
conficio,cōnficiō,cōnficiō -ficere -fēcī -fectum,Verb: 3rd Conjugation -iō,Violence,894,"complete, accomplish; destroy, kill, consume"
confiteor,cōnfiteor,cōnfiteor cōnfitērī cōnfessus sum,Verb: Deponent,Justice,972,"admit (a fact), confess (a crime); reveal, disclose"
coniunx,coniunx,coniunx coniugis m./f.,Noun: 3rd Declension,The Household,218,"spouse, husband, wife"
conor,cōnor,cōnor cōnārī cōnātus sum,Verb: Deponent,Making/Doing,905,"try, attempt"
consequor,cōnsequor,cōnsequor -sequī -secūtus sum,Verb: Deponent,Motion,917,"follow up, overtake, attain"
consilium,cōnsilium,cōnsilium -ī n.,Noun: 2nd Declension,The City,217,"plan; council, group of advisors"
consisto,cōnsistō,cōnsistō -sistere -stitī,Verb: 3rd Conjugation -ō,Speech/Oratory,780,"take position; consist in, be composed of"
constituo,cōnstituō,cōnstituō -stituere -stituī -stitūtum,Verb: 3rd Conjugation -ō,Making/Doing,652,"establish, put together"
consto,cōnstō,cōnstō -stāre -stitī,Verb: 1st Conjugation,Speech/Oratory,731,"agree; constat, it is established that (+ acc. and infin.)"
consuetudo,cōnsuētūdo,cōnsuētūdo -inis f.,Noun: 3rd Declension,Personality Traits/Characteristics,954,"custom, habit"
consul,cōnsul,cōnsul -ulis m.,Noun: 3rd Declension,The City,321,consul
consulo,cōnsulō,cōnsulō -sulere -suluī -sultum,Verb: 3rd Conjugation -ō,The City,757,"consult, plan (+ acc.); consider the interests of (+dat)"
consumo,cōnsūmō,cōnsūmō -sūmere -sūmpsī -sūmptum,Verb: 3rd Conjugation -ō,Life and Being,869,"to use up, consume"
contemno,contemnō,contemnō -temnere -tempsī -temptum,Verb: 3rd Conjugation -ō,Emotions,615,"despise, scorn, disdain"
contineo,contineō,contineō -tinēre -tinuī -tentum,Verb: 2nd Conjugation,Verbs of Compelling/Directing,804,"contain, restrain"
contingo,contingō,contingō -tingere -tigī -tactum,Verb: 3rd Conjugation -ō,Place,494,"touch, be contiguous to"
contra,contrā,contrā,Preposition,Place,271,"against, opposite (adv. and prep. +acc.)"
convenio,conveniō,conveniō -venīre -vēnī -ventum,Verb: 4th Conjugation,Social Life,698,"assemble, meet; agree"
converto,convertō,convertō -vertere -vertī -versum,Verb: 3rd Conjugation -ō,Motion,834,"turn about, turn, change"
convivium,convīvium,convīvium -iī n.,Noun: 2nd Declension,Social Life,921,"banquet, feast"
copia,cōpia,cōpia -ae f.,Noun: 1st Declension,War and Peace,331,abundance; (pl.) troops
cor,cor,cor cordis n.,Noun: 3rd Declension,The Body,795,"heart; cordī est, it is pleasing to (+ dat.)"
cornu,cornu,cornu -ūs n.,Noun: 4th Declension,Animals/Plants,591,horn
corpus,corpus,corpus corporis n.,Noun: 3rd Declension,The Body,75,body
corrumpo,corrumpō,corrumpō -rumpere -rūpī -ruptum,Verb: 3rd Conjugation -ō,Violence,870,"break up, destroy, ruin"
credo,crēdō,crēdō crēdere crēdidī crēditum,Verb: 3rd Conjugation -ō,Education/Knowledge,109,believe
creo,creō,creō -āre,Verb: 1st Conjugation,Making/Doing,978,"produce, create; elect, choose"
cresco,crēscō,crēscō crēscere crēvī crētum,Verb: 3rd Conjugation -ō,Animals/Plants,609,"grow, increase"
crimen,crīmen,crīmen -inis n.,Noun: 3rd Declension,Justice,475,"verdict, accusation"
culpa,culpa,culpa -ae f.,Noun: 1st Declension,Justice,769,"guilt, fault, blame"
cum,cum,cum,Preposition,Conjunctions/Adverbs,10,"with (prep. + abl.); when, since, although (conjunction + subj.)"
cunctus,cūnctus,cūnctus -a -um,Adjective: 1st and 2nd Declension,Measurement,292,entire all together
cupido,cupīdō,cupīdō -inis f.,Noun: 3rd Declension,Love,906,"desire, eagerness, craving"
cupio,cupiō,cupiō -ere -īvī -ītum,Verb: 3rd Conjugation -iō,Love,441,desire
cur,cūr,cūr,Adverb,Pronouns/Interrogatives,404,why?
cura,cūra,cūra -ae f.,Noun: 1st Declension,Love,186,"care, concern"
curo,cūrō,cūrō -āre,Verb: 1st Conjugation,Love,743,"watch over, look after, care for (+ acc.)"
curro,currō,currō currere cucurrī cursum,Verb: 3rd Conjugation -ō,Athletics,562,run
currus,currus,currus -ūs m.,Noun: 4th Declension,Athletics,491,chariot
cursus,cursus,cursus -ūs m.,Noun: 4th Declension,Athletics,351,"course, advance"
custos,custōs,custōs custōdis m.,Noun: 3rd Declension,The Household,622,guardian
damno,damnō,damnō -āre,Verb: 1st Conjugation,Justice,751,condemn
damnum,damnum,damnum -ī n.,Noun: 2nd Declension,Violence,926,"damage, injury"
de,dē,dē,Preposition,Place,46,"down from, about, concerning (+ abl.)"
debeo,dēbeō,dēbeō dēbēre dēbuī dēbitum,Verb: 2nd Conjugation,Business/Money,155,"owe, be obliged"
decem,decem,decem,Adjective: Numeral,Measurement,914,ten
decerno,dēcernō,dēcernō -cernere -crēvī -crētum,Verb: 3rd Conjugation -ō,Education/Knowledge,800,"determine, decide"
decet,decet,decet decēre decuīt,Verb: Impersonal,Personality Traits/Characteristics,718,"it is right, proper, fitting (+ acc. + infin.)"
decus,decus,decus decoris n.,Noun: 3rd Declension,Personality Traits/Characteristics,548,"beauty, grace; ornament, glory, honor"
deduco,dēdūcō,dēdūcō -dūcere -dūxī -ductum,Verb: 3rd Conjugation -ō,Travel,661,"launch, lead away"
defendo,dēfendō,dēfendō -fendere -fendī -fēnsum,Verb: 3rd Conjugation -ō,War and Peace,653,"defend, ward off"
defero,dēferō,dēferō -ferre -tulī -lātum,Verb: Irregular,Verbs of Transport,805,"carry away, report"
deficio,deficiō,deficiō -ficere -fēcī -fectum,Verb: 3rd Conjugation -iō,War and Peace,676,"fail, give out; revolt from"
deinde/dein,deinde/dein,deinde/dein,Adverb,Time,150,"then, next"
denique,dēnique,dēnique,Adverb,Time,796,finally
descendo,dēscendō,dēscendō -scendere -scendī -scēnsum,Verb: 3rd Conjugation -ō,Travel,802,"climb down, descend"
desero,dēserō,dēserō -ere dēseruī dēsertum,Verb: 3rd Conjugation -ō,Motion,544,"leave, desert, abandon"
desidero,dēsīderō,dēsīderō -āre,Verb: 1st Conjugation,Love,892,"long for, desire greatly"
desino,dēsinō,dēsinō -sinere -siī -situm,Verb: 3rd Conjugation -ō,Motion,624,"leave off, cease"
desum,dēsum,dēsum -esse -fuī,Verb: Irregular,Business/Money,463,be lacking
deus,deus,deus -ī m.; dea -ae f.,Noun: 2nd Declension,Religion,42,god; goddess
dexter,dexter,dexter -tra -trum,Adjective: 1st and 2nd Declension,Place,260,right; dextera -ae f.: right hand
dico,dīcō,dīcō dīcere dīxī dictum,Verb: 3rd Conjugation -ō,Speech/Oratory,33,"say; causam dīcere, plead a case; diem dīcere, appoint a day"
dies,diēs,diēs diēī m./f.,Noun: 5th Declension,Lengths of Time,54,day
differo,differō,differō differre distulī dīlātum,Verb: Irregular,Making/Doing,880,"scatter; publish, divulge; differ; defer, postpone"
difficilis,difficilis,difficilis -e,Adjective: 3rd Declension,Personality Traits/Characteristics,861,"not easy, hard, difficult"
dignitas,dīgnitās,dīgnitās -ātis f.,Noun: 3rd Declension,Personality Traits/Characteristics,956,"worth, reputation, honor"
dignus,dīgnus,dīgnus -a -um,Adjective: 1st and 2nd Declension,Personality Traits/Characteristics,291,worthy
diligo,dīligō,dīligō -ligere -lēxī -lēctum,Verb: 3rd Conjugation -ō,Love,973,"choose, cherish, love"
dimitto,dīmittō,dīmittō -mittere -mīsī -missum,Verb: 3rd Conjugation -ō,Verbs of Compelling/Directing,777,send away
discedo,discēdō,discēdō -ere -cessī -cessum,Verb: 3rd Conjugation -ō,Travel,726,"go away, depart"
disciplina,disciplīna,disciplīna -ae f.,Noun: 1st Declension,Education/Knowledge,982,"training, instruction; learning, discipline"
disco,discō,discō -ere didicī,Verb: 3rd Conjugation -ō,Education/Knowledge,465,learn
diu:,diū:,diū:,Adverb,Time,361,for a long time
diversus,dīversus,dīversus -a -um,Adjective: 1st and 2nd Declension,Other Senses,641,"different, diverse"
dives,dīves,dīves dīvitis,Adjective: 3rd Declension,Business/Money,564,"rich (poet. dīs, dītis)"
divido,dīvidō,dīvidō -ere dīvīsī dīvīsum,Verb: 3rd Conjugation -ō,Making/Doing,628,"divide, separate"
divitiae,dīvitiae,dīvitiae -ārum f. pl.,Noun: 1st Declension,Business/Money,712,"riches, wealth"
divus,dīvus,dīvus -a -um,Adjective: 1st and 2nd Declension,Religion,962,"divine, godlike; (as subst.) a god"
do,dō,dō dare dedī datum,Verb: 1st Conjugation,Social Life,28,give
doceo,doceō,doceō -ēre -uī doctum,Verb: 2nd Conjugation,Education/Knowledge,393,teach
doleo,doleō,doleō -ēre doluī,Verb: 2nd Conjugation,Emotions,785,"feel pain or grief, grieve"
dolor,dolor,dolor -ōris m.,Noun: 3rd Declension,Emotions,193,"pain, grief"
dolus,dolus,dolus -ī m.,Noun: 2nd Declension,Deception,701,"artifice, device, trick"
dominus,dominus,dominus -ī m.; domina -ae f.,Noun: 2nd Declension,The Household,241,"household master, lord; mistress"
domus,domus,domus -ūs f.,Noun: 4th Declension,The House,73,"house, home"
donec,dōnec,dōnec,Conjunction,Time,771,until
dono,dōnō,dōnō -āre,Verb: 1st Conjugation,Social Life,606,present with a gift (+ acc. of person and abl. of thing)
donum,dōnum,dōnum -ī n.,Noun: 2nd Declension,Social Life,476,"gift, present"
dormio,dormiō,dormiō -īre,Verb: 4th Conjugation,Life and Being,975,sleep
dubito,dubitō,dubitō -āre,Verb: 1st Conjugation,Education/Knowledge,521,"hesitate, doubt"
dubius,dubius,dubius -a -um,Adjective: 1st and 2nd Declension,Deception,528,"doubtful; (as subst.) a doubt; sine dubiō, without a doubt, certainly"
duco,dūcō,dūcō dūcere dūxī ductum,Verb: 3rd Conjugation -ō,Verbs of Compelling/Directing,133,"lead; uxōrem dūcere, marry"
dulcis,dulcis,dulcis -e,Adjective: 3rd Declension,Other Senses,383,sweet
dum,dum,dum,Conjunction,Time,103,while (+ indic.); until (+ subj.); provided that (+ subj.)
duo,duo,duo duae duo,Adjective: Numeral,Measurement,221,two
durus,dūrus,dūrus -a -um,Adjective: 1st and 2nd Declension,Other Senses,249,"hard, tough, harsh"
dux,dux,dux ducis m./f.,Noun: 3rd Declension,War and Peace,239,"leader, general"
ecce,ecce,ecce,Adverb,Vision,643,behold!
edico,ēdīcō,ēdīcō -dīcere -dīxī -dictum,Verb: 3rd Conjugation -ō,Speech/Oratory,996,declare
edo,ēdō,ēdō ēdere ēdidī ēditum,Verb: 3rd Conjugation -ō,Speech/Oratory,688,"put forth, state, explain"
educo,ēdūcō,ēdūcō -dūcere -dūxī -ductum,Verb: 3rd Conjugation -ō,Verbs of Compelling/Directing,935,lead forth
efficio,efficiō,efficiō -ficere -fēcī -fectum,Verb: 3rd Conjugation -iō,Making/Doing,573,"bring about, complete; render (+ ut + subj.)"
effundo,effundō,effundō -fundere -fūdī -fūsum,Verb: 3rd Conjugation -ō,Earth and Water,719,pour out
ego,ego,ego meī mihi mē,Pronoun,Pronouns/Interrogatives,11,"I, me"
egredior,ēgredior,ēgredior ēgredī ēgressus sum,Verb: Deponent,Travel,912,"stride out, depart, disembark from (+ abl.)"
egregius,ēgregius,ēgregius -a -um,Adjective: 1st and 2nd Declension,Personality Traits/Characteristics,860,"distinguished, uncommon"
eligo,ēligō,ēligō ēligere ēlēgī ēlēctum,Verb: 3rd Conjugation -ō,The City,942,"pick out, select"
enim,enim,enim,Conjunction,Pronouns/Interrogatives,57,"for, indeed"
eo,eō,eō īre iī/īvī itum,Verb: Irregular,Motion,97,go
eo,eō,eō,Adverb,Place,470,"(adv.) there, to that place"
epistula,epistula,epistula -ae f.,Noun: 1st Declension,Writing/Poetry,951,letter
eques,eques,eques equitis m.,Noun: 3rd Declension,War and Peace,296,"horseman, knight"
equus,equus,equus -ī m.,Noun: 2nd Declension,Animals/Plants,248,horse
ergo,ergō,ergō,Conjunction,Conjunctions/Adverbs,134,therefore
eripio,ēripiō,ēripiō -ripere -ripuī -reptum,Verb: 3rd Conjugation -iō,Verbs of Transport,349,"snatch away, rescue, save"
erro,errō,errō -āre,Verb: 1st Conjugation,Travel,402,"go astray, wander"
error,error,error -ōris m.,Noun: 3rd Declension,Travel,832,"wandering; error, mistake"
et,et,et,Conjunction,Conjunctions/Adverbs,1,and
etiam,etiam,etiam,Adverb,Conjunctions/Adverbs,67,"also, even"
ex,ex,"ex, ē",Preposition,Place,26,"out of, from (+ abl.)"
excipio,excipiō,excipiō -cipere -cēpī -ceptum,Verb: 3rd Conjugation -iō,Verbs of Transport,394,take out
exemplum,exemplum,exemplum -ī n.,Noun: 2nd Declension,Speech/Oratory,519,"example, sample, copy"
exeo,exeō,exeō -īre -iī -itum,Verb: Irregular,Motion,597,go forth
exerceo,exerceō,exerceō -ercēre -ercuī -ercitum,Verb: 2nd Conjugation,Athletics,576,"train, exercise, carry on"
exercitus,exercitus,exercitus -ūs m.,Noun: 4th Declension,War and Peace,267,army
exigo,exigō,exigō -igere -ēgī -āctum,Verb: 3rd Conjugation -ō,Verbs of Compelling/Directing,500,drive out; collect
existimo,exīstimō,exīstimō -āre,Verb: 1st Conjugation,Education/Knowledge,613,"think, believe"
experior,experior,experior -perīrī -pertus sum,Verb: Deponent,Education/Knowledge,713,"try thoroughly, test, experience"
exsilium,exsilium,exsilium -ī n.,Noun: 2nd Declension,Travel,794,"exile, banishment"
exspecto,exspectō,exspectō -āre,Verb: 1st Conjugation,Vision,442,"watch, wait, expect"
extremus,extrēmus,extrēmus -a -um,Adjective: 1st and 2nd Declension,Geography,385,"farthest, situated at the end or tip, extreme"
fabula,fābula,fābula -ae f.,Noun: 1st Declension,Writing/Poetry,966,"account, tale, story"
facies,faciēs,faciēs -ēī f.,Noun: 5th Declension,Vision,479,"form, appearance"
facilis,facilis,facilis -e,Adjective: 3rd Declension,Personality Traits/Characteristics,451,easy
facinus,facinus,facinus facinoris n.,Noun: 3rd Declension,Justice,646,"deed, crime"
facio,faciō,faciō facere fēcī factum,Verb: 3rd Conjugation -iō,Making/Doing,32,"do, make"
factum,factum,factum -ī n.,Noun: 2nd Declension,Making/Doing,611,"deed, accomplishment"
fallo,fallō,fallō fallere fefellī falsum,Verb: 3rd Conjugation -ō,Deception,503,deceive
falsus,falsus,falsus -a -um,Adjective: 1st and 2nd Declension,Deception,633,"deceptive, false"
fama,fāma,fāma -ae f.,Noun: 1st Declension,Speech/Oratory,278,"rumor, fame"
fames,famēs,famēs -is f.,Noun: 3rd Declension,Life and Being,828,"hunger, famine"
familia,familia,familia -ae f.,Noun: 1st Declension,The Household,943,"household, family"
fateor,fateor,fateor fatērī fassus sum,Verb: Deponent,Justice,689,"admit, confess; profess, declare; assent, say yes"
fatum,fātum,fātum -ī n.,Noun: 2nd Declension,Religion,157,fate; death
fax,fax,fax facis f.,Noun: 3rd Declension,Air and Fire,511,torch
feliciter,fēlīciter,fēlīciter,Adverb,Personality Traits/Characteristics,994,luckily
felix,fēlīx,fēlīx -īcis,Adjective: 3rd Declension,Personality Traits/Characteristics,309,lucky
femina,fēmina,fēmina -ae f.,Noun: 1st Declension,People,501,woman
fere,ferē,ferē,Adverb,Conjunctions/Adverbs,907,almost
fero,ferō,ferō ferre tulī lātum,Verb: Irregular,Verbs of Transport,45,"bear, carry, endure"
ferrum,ferrum,ferrum -ī n.,Noun: 2nd Declension,Violence,231,"iron, iron weapon or implement"
ferus,ferus,ferus -a -um,Adjective: 1st and 2nd Declension,Animals/Plants,222,"wild, fierce; fera -ae f.: wild animal"
fessus,fessus,fessus -a -um,Adjective: 1st and 2nd Declension,Life and Being,625,"weary, tired"
fidelis,fidēlis,fidēlis -e,Adjective: 3rd Declension,Personality Traits/Characteristics,979,faithful
fides,fidēs,fidēs -eī f.,Noun: 5th Declension,Personality Traits/Characteristics,184,"trust, faith"
filia,fīlia,fīlia -ae f.; fīlius -ī m.,Noun: 1st Declension,The Household,909,daughter; son
fingo,fingō,fingō fingere fīnxī fīctum,Verb: 3rd Conjugation -ō,Making/Doing,721,shape; invent
finis,fīnis,fīnis -is m.,Noun: 3rd Declension,Geography,236,"end, boundary"
fio,fīō,fīō fierī factus sum,Verb: Irregular,Life and Being,146,"become, happen, be done"
flamma,flamma,flamma -ae f.,Noun: 1st Declension,Air and Fire,298,"flame, fire"
fleo,fleō,fleō flēre flēvī flētum,Verb: 2nd Conjugation,Emotions,457,weep
flos,flōs,flōs flōris m.,Noun: 3rd Declension,Animals/Plants,818,"flower, bloom"
fluctus,fluctus,fluctus -ūs m,Noun: 4th Declension,Earth and Water,498,"flood, billow, surf"
flumen,flūmen,flūmen -inis n.,Noun: 3rd Declension,Earth and Water,283,"stream, river"
fluo,fluō,fluō fluere fluxī fluxum,Verb: 3rd Conjugation -ō,Earth and Water,772,flow
foedus,foedus,foedus -a -um,Adjective: 1st and 2nd Declension,Other Senses,922,foul
fons,fōns,fōns fontis m.,Noun: 3rd Declension,Earth and Water,706,"spring, fountain"
for,for,for fārī fātus sum,Verb: Deponent,Speech/Oratory,739,"report, say"
forma,fōrma,fōrma -ae f.,Noun: 1st Declension,Other Senses,422,shape; beauty
fors,fors,fors fortis f.,Noun: 3rd Declension,Religion,993,chance
forsitan,forsitan,"forsitan, fortasse",Adverb,Conjunctions/Adverbs,833,"perhaps, perchance"
forte,fortē,fortē,Adverb,Religion,579,by chance
fortis,fortis,fortis -e,Adjective: 3rd Declension,Personality Traits/Characteristics,286,brave
fortuna,fortūna,fortūna -ae f.,Noun: 1st Declension,Religion,138,fortune
forum,forum,forum -ī n.,Noun: 2nd Declension,The City,811,"market-place, forum"
frango,frangō,frangō frangere frēgī frāctum,Verb: 3rd Conjugation -ō,Violence,345,"break, shatter"
frater,frāter,frāter frātris m.,Noun: 3rd Declension,The Household,225,brother
frequens,frequēns,frequēns -ntis,Adjective: 3rd Declension,Measurement,918,"in large numbers, often"
frons,frōns,frōns frontis f.,Noun: 3rd Declension,The Body,559,"forehead, brow; front"
fructus,frūctus,frūctus -ūs m.,Noun: 4th Declension,Animals/Plants,927,"fruit, crops; enjoyment, delight"
frumentum,frūmentum,frūmentum -ī n.,Noun: 2nd Declension,Animals/Plants,936,grain
fruor,fruor,fruor fruī frūctus sum,Verb: Deponent,Emotions,923,"enjoy the produce of, profit by, use (+ abl.)"
frustra,frūstrā,frūstrā,Adverb,Conjunctions/Adverbs,694,in vain
fuga,fuga,fuga -ae f.,Noun: 1st Declension,Travel,364,"flight, route"
fugio,fugiō,fugiō fugere fūgī fugitum,Verb: 3rd Conjugation -iō,Travel,177,"flee, escape"
fugo,fugō,fugō -āre,Verb: 1st Conjugation,Travel,957,put to flight
fundo,fundō,fundō fundere fūdī fūsum,Verb: 3rd Conjugation -ō,Earth and Water,523,"pour, scatter"
funus,fūnus,fūnus fūneris n.,Noun: 3rd Declension,Religion,524,funeral; death; dead body
furor,furor,furor -ōris m.,Noun: 3rd Declension,Emotions,466,"rage, fury"
fore,fore,fore,Verb: Irregular,Life and Being,985,
gaudeo,gaudeō,gaudeō gaudēre gāvīsus sum,Verb: 2nd Conjugation,Emotions,407,rejoice
gaudium,gaudium,gaudium -ī n.,Noun: 2nd Declension,Emotions,727,"delight, joy, pleasure"
gens,gēns,gēns gentis f.,Noun: 3rd Declension,The Household,194,"family, clan"
genus,genus,genus generis n.,Noun: 3rd Declension,The Household,170,"origin, lineage, kind"
gero,gerō,gerō gerere gessī gestum,Verb: 3rd Conjugation -ō,War and Peace,237,"bear, manage; bellum gerere, wage war"
gigno,gīgnō,gīgnō gīgnere genuī genitum,Verb: 3rd Conjugation -ō,Life and Being,667,"beget, bear, bring forth"
gladius,gladius,gladius -ī m.,Noun: 2nd Declension,War and Peace,862,sword
gloria,glōria,glōria -ae f.,Noun: 1st Declension,Social Life,360,"glory, fame"
gradus,gradus,gradus -ūs m.,Noun: 4th Declension,War and Peace,577,"step, pace; grade, rank"
gratia,grātia,grātia -ae f.,Noun: 1st Declension,Social Life,380,"favor, influence, gratitude"
gratus,grātus,grātus -a -um,Adjective: 1st and 2nd Declension,Personality Traits/Characteristics,434,pleasant; grateful
gravis,gravis,gravis -e,Adjective: 3rd Declension,Measurement,140,"heavy, serious"
habeo,habeō,habeō habēre habuī habitum,Verb: 2nd Conjugation,Other Senses,39,"have, hold"
haud,haud,haud,Adverb,Conjunctions/Adverbs,226,not
hic,hic,hic haec hoc,Pronoun,Pronouns/Interrogatives,7,"this, these"
hic,hīc,hīc,Adverb,Place,80,here; hinc: from here
hiems,hiems,hiems hiemis f.,Noun: 3rd Declension,Lengths of Time,803,winter
hodie,hodiē,hodiē,Adverb,Lengths of Time,981,today
homo,homō,homō hominis m.,Noun: 3rd Declension,People,88,human being
honestus,honestus,honestus -a -um,Adjective: 1st and 2nd Declension,Personality Traits/Characteristics,580,honorable
honor,honor,honor -ōris m.,Noun: 3rd Declension,The City,290,"honor, glory; office, post"
hora,hōra,hōra -ae f.,Noun: 1st Declension,Lengths of Time,664,hour
hortor,hortor,hortor hortārī hortātus sum,Verb: Deponent,Speech/Oratory,887,"urge strongly, advise, exhort"
hospes,hospes,hospes hospitis m.,Noun: 3rd Declension,Social Life,873,"guest, guest-friend; stranger; host"
hostis,hostis,hostis -is m./f.,Noun: 3rd Declension,War and Peace,93,"stranger, enemy"
huc,hūc,hūc,Adverb,Place,368,to this place
humanus,hūmānus,hūmānus -a -um,Adjective: 1st and 2nd Declension,People,355,human
humus,humus,humus -ī f.,Noun: 2nd Declension,Earth and Water,740,ground; humī: on the ground
iaceo,iaceō,iaceō iacēre iacuī,Verb: 2nd Conjugation,The House,228,lie
iacio,iaciō,iaciō iacere iēcī iactum,Verb: 3rd Conjugation -iō,Athletics,899,"throw, hurl"
iam,iam,iam,Adverb,Time,34,now; already
ibi,ibi,ibi,Adverb,Place,619,there
ictus,īctus,īctus -ūs m.,Noun: 4th Declension,Violence,819,"blow, stroke"
idem,īdem,īdem eadem idem,Pronoun,Pronouns/Interrogatives,59,the same
ideo,ideō,ideō,Adverb,Conjunctions/Adverbs,679,for this reason
igitur,igitur,igitur,Conjunction,Conjunctions/Adverbs,313,therefore
ignis,ignis,ignis -is m.,Noun: 3rd Declension,Air and Fire,151,fire
ille,ille,ille illa illud,Pronoun,Pronouns/Interrogatives,8,that
illic,illīc,illīc,Adverb,Place,396,"at that place, there; illinc: from that place"
illuc,illūc,illūc,Adverb,Place,955,to that place
imago,imāgō,imāgō -inis f.,Noun: 3rd Declension,Vision,754,"image, form, figure"
imperator,imperātor,imperātor -ōris m.,Noun: 3rd Declension,War and Peace,723,commander
imperium,imperium,imperium -ī n.,Noun: 2nd Declension,War and Peace,200,"command, power"
impero,imperō,imperō -āre,Verb: 1st Conjugation,War and Peace,602,"command, control"
impetus,impetus,impetus -ūs m.,Noun: 4th Declension,Violence,421,attack
impleo,impleō,impleō -ēre -plēvī -plētum,Verb: 2nd Conjugation,Earth and Water,671,"fill in, fill up"
impono,impōnō,impōnō -ere -posuī -positum,Verb: 3rd Conjugation -ō,Measurement,437,"put in, put on, impose, levy upon"
in,in,in,Preposition,Place,5,"in, on (+ abl.); into, onto (+ acc)"
incido,incidō,incidō incidere incidī,Verb: 3rd Conjugation -ō,Motion,871,"fall upon, fall into; happen"
incipio,incipiō,incipiō -cipere -cēpī -ceptum,Verb: 3rd Conjugation -iō,Time,411,begin
inde,inde,inde,Adverb,Place,328,"from there, from then"
indico,indicō,indicō -āre,Verb: 1st Conjugation,Speech/Oratory,980,"point out, show, make known"
infero,īnferō,īnferō īnferre intulī illātum,Verb: Irregular,War and Peace,742,"bring upon, against; bellum īnferre: make war on"
inferus,īnferus,īnferus -a -um,Adjective: 1st and 2nd Declension,Geography,428,low; īnferior: lower; īnfimus or īmus: lowest
ingenium,ingenium,ingenium -ī n.,Noun: 2nd Declension,Education/Knowledge,387,"disposition, ability, talent"
ingens,ingēns,ingēns ingentis,Adjective: 3rd Declension,Measurement,202,"huge, enormous"
ingratus,ingrātus,ingrātus -a -um:,Adjective: 1st and 2nd Declension,Personality Traits/Characteristics,592,"unpleasant, disagreeable"
ingredior,ingredior,ingredior -gredī -gressus sum:,Verb: Deponent,Motion,885,"step in, enter"
inimicus,inimīcus,inimīcus -a -um:,Adjective: 1st and 2nd Declension,Personality Traits/Characteristics,952,unfriendly; (as subst.) enemy
initium,initium,initium -ī n.:,Noun: 2nd Declension,Time,865,beginning
iniuria,iniūria,iniūria -ae f.:,Noun: 1st Declension,Justice,381,"injustice, wrong, affront"
inquam,inquam,"inquam, inquis, inquit, inquiunt:",Verb: Irregular,Speech/Oratory,163,say (used with direct speech)
instituo,īnstituō,īnstituō -stituere -stituī -stitūtum:,Verb: 3rd Conjugation -ō,Making/Doing,931,undertake; equip
insula,īnsula,īnsula -ae f.:,Noun: 1st Declension,Geography,908,island
integer,integer,integer -gra -grum:,Adjective: 1st and 2nd Declension,Personality Traits/Characteristics,815,"untouched, fresh, complete, whole"
intellego,intellegō,intellegō -legere -lēxī -lēctum:,Verb: 3rd Conjugation -ō,Education/Knowledge,512,understand
intendo,intendō,intendō -tendere -tendī -tentum:,Verb: 3rd Conjugation -ō,Motion,895,"stretch out, strain"
inter,inter,inter,Preposition,Place,64,"between, among; during (+ acc.)"
interficio,interficiō,interficiō -ficere -fēcī -fectum,Verb: 3rd Conjugation -iō,Violence,699,kill
interim,interim,interim,Adverb,Time,693,meanwhile
interrogo,interrogō,interrogō -āre,Verb: 1st Conjugation,Speech/Oratory,953,"put a question to, ask (+ acc.)"
intersum,intersum,intersum -esse -fuī,Verb: Irregular,Place,760,"to be between; take part in, attend (+dat.); interest, it is in the interest of (+ gen.)"
intra,intrā,intrā,Preposition,Place,704,within (+ acc.)
intro,intrō,intrō -āre,Verb: 1st Conjugation,Motion,766,enter
invenio,inveniō,inveniō -venīre -vēnī -ventum,Verb: 4th Conjugation,Travel,316,find; discover
invidia,invidia,invidia -ae f.,Noun: 1st Declension,Emotions,707,"envy, jealousy, hatred"
ipse,ipse,ipse ipsa ipsum,Pronoun,Pronouns/Interrogatives,22,him- her- itself
ira,īra,īra irae f.,Noun: 1st Declension,Emotions,187,"wrath, anger"
irascor,īrāscor,īrāscor īrāscī īrātus sum,Verb: Deponent,Emotions,809,grow angry; īrātus -a -um: angry
is,is,is ea id,Pronoun,Pronouns/Interrogatives,13,"he, she, it"
iste,iste,iste ista istud,Pronoun,Pronouns/Interrogatives,81,"that, that of yours; adv. istīc or istūc: over there; istinc: from over there"
ita,ita,ita,Adverb,Conjunctions/Adverbs,120,"thus, so"
itaque,itaque,itaque,Conjunction,Conjunctions/Adverbs,208,"and so, therefore"
item,item,item,Adverb,Conjunctions/Adverbs,932,likewise
iter,iter,iter itineris n.,Noun: 3rd Declension,Travel,230,"journey, route"
iterum,iterum,iterum,Adverb,Time,758,again
iubeo,iubeō,iubeō iubēre iussī iussum,Verb: 2nd Conjugation,Justice,84,"bid, order"
iudex,iūdex,iūdex iūdicis m.,Noun: 3rd Declension,Justice,839,"judge, juror"
iudicium,iūdicium,iūdicium -ī n.,Noun: 2nd Declension,Justice,749,"judgment, decision, trial"
iudico,iūdicō,iūdicō -āre,Verb: 1st Conjugation,Justice,565,"judge, decide"
iugum,iugum,iugum -ī n.,Noun: 2nd Declension,Animals/Plants,335,"yoke; ridge, chain of hills"
iungo,iungō,iungō iungere iūnxī iūnctum,Verb: 3rd Conjugation -ō,Making/Doing,513,join
iuro,iūrō,iūrō -āre,Verb: 1st Conjugation,Justice,896,"take an oath, swear; iūs iūrandum, oath"
ius,iūs,iūs iūris n.,Noun: 3rd Declension,Justice,314,"right, justice, law"
iustus,iūstus,iūstus -a -um,Adjective: 1st and 2nd Declension,Justice,770,"right, just, fair"
iuvenis,iuvenis,iuvenis -is m.,Noun: 3rd Declension,People,277,youth
iuvo,iuvō,iuvō iuvāre iūvī iūtum,Verb: 1st Conjugation,Social Life,390,"help, assist; please, delight"
labor,labor,labor -ōris m.,Noun: 3rd Declension,Business/Money,201,"toil, exertion"
laboro,labōrō,labōrō -āre,Verb: 1st Conjugation,Business/Money,900,"toil, work; be in trouble or distress"
lacrima,lacrima,lacrima -ae f.,Noun: 1st Declension,Emotions,354,tear
laedo,laedō,laedō laedere laesī laesum,Verb: 3rd Conjugation -ō,Violence,783,"injure by striking, hurt"
laetus,laetus,laetus -a -um,Adjective: 1st and 2nd Declension,Emotions,262,"glad, joyful"
lapis,lapis,lapis lapidis m.,Noun: 3rd Declension,Earth and Water,840,stone
lateo,lateō,lateō latēre latuī,Verb: 2nd Conjugation,Deception,695,"lie hidden, be hidden"
latus,latus,latus -eris n.,Noun: 3rd Declension,The Body,382,"side, flank"
latus,lātus,lātus -a -um,Adjective: 1st and 2nd Declension,Measurement,824,"broad, wide"
laudo,laudō,laudō -āre,Verb: 1st Conjugation,Social Life,435,praise
laus,laus,laus laudis f.,Noun: 3rd Declension,Social Life,444,"praise, glory"
legatus,lēgātus,lēgātus -ī m.,Noun: 2nd Declension,War and Peace,464,"lieutenant, envoy"
legio,legiō,legiō -ōnis f.,Noun: 3rd Declension,War and Peace,370,legion
lego,legō,legō legere lēgī lēctum,Verb: 3rd Conjugation -ō,Writing/Poetry,419,"gather, choose, read"
levis,levis,levis -e,Adjective: 3rd Declension,Measurement,220,"light, trivial"
lex,lēx,lēx lēgis f.,Noun: 3rd Declension,Justice,264,law
liber,liber,liber librī m.,Noun: 2nd Declension,Writing/Poetry,901,book
liber,līber,līber lībera līberum,Adjective: 1st and 2nd Declension,Justice,229,free; līberī (m. pl.): freeborn children
libertas,lībertās,lībertās -ātis f.,Noun: 3rd Declension,The City,495,freedom
libet,libet,libet libēre libuit or libitum est,Verb: Impersonal,Social Life,729,it is pleasing (+ dat. + infin.)
libido,libīdō,libīdō -inis f.,Noun: 3rd Declension,Love,761,"passion, lust"
licet,licet,licet licēre licuit licitum est,Verb: Impersonal,Justice,175,it is permitted (+ dat. + infin.)
licet,licet,licet,Conjunction,Justice,778,even though
limen,līmen,līmen līminis n.,Noun: 3rd Declension,The House,516,threshold
lingua,lingua,lingua -ae f.,Noun: 1st Declension,The Body,732,tongue; language
littera,littera,littera -ae f.,Noun: 1st Declension,Writing/Poetry,710,"letter, (pl.) literature"
litus,lītus,lītus -oris n.,Noun: 3rd Declension,Geography,245,shore
locus,locus,locus -ī m.,Noun: 2nd Declension,Geography,62,place; loca (n. pl.) region
longe,longē,longē,Adverb,Measurement,400,"far, far off"
longus,longus,longus -a -um,Adjective: 1st and 2nd Declension,Measurement,142,"long, far"
loquor,loquor,loquor loquī locūtus sum,Verb: Deponent,Speech/Oratory,310,"speak, talk"
lumen,lūmen,lūmen luminis n.,Noun: 3rd Declension,Vision,375,light
luna,lūna,lūna -ae f.,Noun: 1st Declension,Air and Fire,902,moon
lux,lūx,lūx lūcis f.,Noun: 3rd Declension,Air and Fire,299,light of day
maestus,maestus,maestus -a -um,Adjective: 1st and 2nd Declension,Emotions,669,"sad, sorrowful; depressing"
magis,magis,magis,Adverb,Conjunctions/Adverbs,90,more
magister,magister,magister magistrī m.,Noun: 2nd Declension,Education/Knowledge,933,"master, chief"
magnitudo,māgnitūdō,māgnitūdō -inis f.,Noun: 3rd Declension,Measurement,672,"greatness, size"
magnus,māgnus,māgnus -a -um,Adjective: 1st and 2nd Declension,Measurement,25,great
maiores,māiōrēs,māiōrēs māiōrum m.,Noun: 3rd Declension,The Household,764,ancestors
male,male,male,Adverb,Personality Traits/Characteristics,603,(adv.) badly
malo,mālō,mālō mālle māluī,Verb: Irregular,Emotions,598,prefer
malus,malus,malus -a -um,Adjective: 1st and 2nd Declension,Personality Traits/Characteristics,227,"bad, evil"
maneo,maneō,maneō manēre mānsī mānsum,Verb: 2nd Conjugation,Travel,357,remain
manus,manus,manus -ūs f.,Noun: 4th Declension,The Body,48,hand; band of men
mare,mare,mare -is n.,Noun: 3rd Declension,Earth and Water,125,sea
maritus,marītus,marītus -ī m.,Noun: 2nd Declension,The Household,654,husband
mater,māter,māter mātris f.,Noun: 3rd Declension,The Household,127,mother
materia,māteria,māteria -ae f.,Noun: 1st Declension,Speech/Oratory,857,"material, subject matter; timber, lumber"
medius,medius,medius -a -um,Adjective: 1st and 2nd Declension,Place,162,"middle, central"
membrum,membrum,membrum -ī n.,Noun: 2nd Declension,The Body,481,"limb, member of the body"
memini,meminī,meminī meminisse,Verb: Irregular,Education/Knowledge,670,"remember, recollect"
memoria,memoria,memoria -ae f.,Noun: 1st Declension,Education/Knowledge,627,"recollection, memory"
mens,mēns,mēns mentis f.,Noun: 3rd Declension,The Body,173,mind
mensa,mēnsa,mēnsa -ae f.,Noun: 1st Declension,The House,747,table
mereo,mereō,mereō merēre meruī meritum,Verb: 2nd Conjugation,Business/Money,852,"deserve, merit; serve as a soldier"
metuo,metuō,metuō metuere metuī,Verb: 3rd Conjugation -ō,Emotions,429,"to fear, to dread"
metus,metus,metus -ūs m.,Noun: 4th Declension,Emotions,215,"fear, dread"
meus,meus,meus -a -um,Pronoun,Pronouns/Interrogatives,41,my
miles,mīles,mīles -itis m.,Noun: 3rd Declension,War and Peace,161,soldier
mille,mīlle,mīlle (pl.) mīlia,Adjective: Numeral,Measurement,247,thousand
miror,mīror,mīror mīrārī mīrātus sum,Verb: Deponent,Emotions,504,"wonder at, marvel at (+ acc.)"
misceo,misceō,misceō miscēre miscuī mixtum,Verb: 2nd Conjugation,Earth and Water,425,mix
miser,miser,miser misera miserum,Adjective: 1st and 2nd Declension,Emotions,137,"wretched, pitiable"
mitto,mittō,mittō mittere mīsī missum,Verb: 3rd Conjugation -ō,Verbs of Compelling/Directing,114,"send, let go"
modo,modo,modo,Adverb,Time,152,"just, just now; modo ... modo: now ... now, at one moment ... at another, sometimes ... sometimes"
modus,modus,modus -ī m.,Noun: 2nd Declension,Measurement,195,"measure, manner, kind"
moenia,moenia,moenia -ium n. pl.,Noun: 3rd Declension,The City,593,"walls, fortifications"
mollis,mollis,mollis -e,Adjective: 3rd Declension,Other Senses,356,"soft, yielding, gentle"
moneo,moneō,moneō monēre monuī monitum,Verb: 2nd Conjugation,Speech/Oratory,711,"warn, advise"
mons,mōns,mōns montis m.,Noun: 3rd Declension,Geography,242,mountain
mora,mora,mora -ae f.,Noun: 1st Declension,Time,399,"delay, hindrance"
morbus,morbus,morbus -ī m.,Noun: 2nd Declension,The Body,658,"sickness, disease"
morior,morior,morior morī mortuus sum,Verb: Deponent,Life and Being,253,die
moror,moror,moror morārī morātus sum,Verb: Deponent,Time,581,delay
mors,mors,mors mortis f.,Noun: 3rd Declension,Life and Being,95,death
mortalis,mortālis,mortālis -e,Adjective: 3rd Declension,Life and Being,950,"liable to death, mortal; (as subst.) a mortal"
mos,mōs,mōs mōris m.,Noun: 3rd Declension,Social Life,181,"custom, habit; (pl.) character"
moveo,moveō,moveō -ēre mōvī mōtum,Verb: 2nd Conjugation,Motion,192,move
mox,mox,mox,Adverb,Time,469,soon
mulier,mulier,mulier -eris f.,Noun: 3rd Declension,People,961,woman
multitudo,multitūdō,multitūdō -inis f.,Noun: 3rd Declension,Measurement,733,"multitude, number"
multus,multus,multus -a -um,Adjective: 1st and 2nd Declension,Measurement,43,"much, many; multō, by far"
mundus,mundus,mundus -ī m.,Noun: 2nd Declension,Earth and Water,350,"world, universe, heavens"
mundus,mundus,mundus -a -um,Adjective: 1st and 2nd Declension,Personality Traits/Characteristics,997,"clean, neat, elegant"
munus,mūnus,mūnus mūneris n.,Noun: 3rd Declension,Social Life,276,"gift, offering; duty, obligation; (pl.) gladiatorial show"
murus,mūrus,mūrus -ī m.,Noun: 2nd Declension,The House,508,wall
muto,mūtō,mūtō -āre,Verb: 1st Conjugation,Making/Doing,315,change
nam,nam,nam or namque,Conjunction,Conjunctions/Adverbs,61,"for, indeed, really"
narro,narrō,narrō -āre,Verb: 1st Conjugation,Speech/Oratory,910,"relate, recount"
nascor,nāscor,nāscor nāscī nātus sum,Verb: Deponent,Life and Being,266,be born
natura,nātūra,nātūra -ae f.,Noun: 1st Declension,Life and Being,180,nature
natus,nātus,nātus -ī m.,Noun: 2nd Declension,The Household,211,son
navis,nāvis,nāvis -is f.,Noun: 3rd Declension,Travel,353,ship
ne,ne,ne (enclitic),Adverb,Pronouns/Interrogatives,238,interrogative particle attached to the emphatic word in a question
ne,nē,nē,Conjunction,Conjunctions/Adverbs,47,"lest, that not"
nec,nec,nec,Conjunction,Conjunctions/Adverbs,19,"and not, nor; nec ... nec, neither ... nor; → neque"
necesse,necesse,necesse (indecl. adj.),Adjective: Indeclinable,Business/Money,773,necessary
necessitas,necessitās,necessitās -tātis f.,Noun: 3rd Declension,Business/Money,911,"necessity, need"
nefas,nefās,nefās n. indecl.,Noun: Indeclinable,Justice,541,"impiety, wickedness"
nego,negō,negō -āre,Verb: 1st Conjugation,Speech/Oratory,294,"deny, refuse"
negotium,negōtium,negōtium -ī n.,Noun: 2nd Declension,Business/Money,846,business
nemo,nēmō,nēmō,Pronoun,Pronouns/Interrogatives,179,"no one (gen. nūllīus, dat. nūllī, abl. nūllō or nūllā → nūllus -a -um)"
nemus,nemus,nemus nemoris n.,Noun: 3rd Declension,Animals/Plants,461,"grove, forest"
neque,neque,neque,Conjunction,Conjunctions/Adverbs,72,"and not, nor; neque ... neque, neither ... nor; → nec"
nescio,nesciō,nesciō -scīre,Verb: 4th Conjugation,Education/Knowledge,525,"not know, be ignorant"
nisi,nisi,"nisi, nī",Conjunction,Conjunctions/Adverbs,100,"if not, unless"
niger,niger,niger nigra nigrum,Adjective: 1st and 2nd Declension,Vision,634,black
nihil,nihil,"nihil, nīl",Noun: Indeclinable,Measurement,55,nothing; not at all
nimis,nimis,nimis or nimium,Adverb,Personality Traits/Characteristics,841,excessively
nimius,nimius,nimius -a -um,Adjective: 1st and 2nd Declension,Personality Traits/Characteristics,502,"too much, excessive"
nobilis,nōbilis,nōbilis -e,Adjective: 3rd Declension,Personality Traits/Characteristics,455,"distinguished, noble; (as subst.) a nobleman or woman"
noceo,noceō,noceō nocēre nocuī,Verb: 2nd Conjugation,Violence,509,harm
nolo,nōlō,nōlō nōlle nōluī,Verb: Irregular,Emotions,458,be unwilling
nomen,nōmen,nōmen -inis n.,Noun: 3rd Declension,Social Life,135,name
non,nōn,nōn,Adverb,Conjunctions/Adverbs,6,not
nondum,nōndum,nōndum,Adverb,Conjunctions/Adverbs,436,not yet
nos,nōs,nōs nostrum/nostrī nōbīs nōs,Pronoun,Pronouns/Interrogatives,51,we
nosco,nōscō,nōscō nōscere nōvī nōtum,Verb: 3rd Conjugation -ō,Education/Knowledge,347,"learn, know"
noster,noster,noster nostra nostrum,Pronoun,Pronouns/Interrogatives,52,our
notus,nōtus,nōtus -a -um,Adjective: 1st and 2nd Declension,Personality Traits/Characteristics,477,well-known
novus,novus,novus -a -um,Adjective: 1st and 2nd Declension,Time,139,new
nox,nox,nox noctis f.,Noun: 3rd Declension,Lengths of Time,119,night
nudus,nūdus,nūdus -a -um,Adjective: 1st and 2nd Declension,The Body,545,"naked, bare"
nullus,nūllus,nūllus -a -um,Adjective: 1st and 2nd Declension,Pronouns/Interrogatives,49,"not any, no one"
num,num,num,Adverb,Pronouns/Interrogatives,924,interrogative particle implying negative answer
numen,nūmen,nūmen -inis n.,Noun: 3rd Declension,Religion,452,"divine will, deity"
numerus,numerus,numerus -ī m.,Noun: 2nd Declension,Measurement,338,"number, amount"
numquam,numquam,numquam,Adverb,Time,251,never
nunc,nunc,nunc,Adverb,Time,50,now
nuntius,nūntius,nūntius -ī m.,Noun: 2nd Declension,Travel,919,messenger; news
ob,ob,ob,Preposition,Place,449,"against, on account of (+acc)"
occido,occīdō,occīdō -cīdere -cīdī -cīsum,Verb: 3rd Conjugation -ō,Violence,801,"kill, cut down"
occupo,occupō,occupō -āre,Verb: 1st Conjugation,War and Peace,472,"seize, occupy; anticipate, do a thing first (+ infin.)"
occurro,occurrō,occurrō -currere -cucurrī -cursum,Verb: 3rd Conjugation -ō,Education/Knowledge,677,run to meet; come into one’s mind
oculus,oculus,oculus -ī m.,Noun: 2nd Declension,The Body,206,eye
odi,ōdī,ōdī ōdisse,Verb: Irregular,Emotions,790,hate
odium,odium,odium -ī n.,Noun: 2nd Declension,Emotions,522,hatred
offero,offerō,offerō offerre obtulī oblātum,Verb: Irregular,Verbs of Transport,812,"present, offer, expose"
officium,officium,officium -ī n.,Noun: 2nd Declension,The City,607,"service, duty"
olim,ōlim,ōlim,Adverb,Time,574,"formerly, at that time"
omnis,omnis,omnis -e,Adjective: 3rd Declension,Measurement,18,"all, every, as a whole"
onus,onus,onus oneris n.,Noun: 3rd Declension,Measurement,842,"load, burden"
opera,opera,opera -ae f.,Noun: 1st Declension,Business/Money,843,"labor, activity, work"
oportet,oportet,oportet -ēre -uit,Verb: Impersonal,Social Life,806,"it is proper, right (+ acc. + infin.)"
oppidum,oppidum,oppidum -ī n.,Noun: 2nd Declension,The City,635,town
ops,ops,ops opis f.,Noun: 3rd Declension,Business/Money,318,"assistance, resources"
opto,optō,optō -āre,Verb: 1st Conjugation,Personality Traits/Characteristics,417,"choose, select"
opus,opus,opus operis n.,Noun: 3rd Declension,Business/Money,332,work
oratio,ōrātiō,ōrātiō -ōnis f.,Noun: 3rd Declension,Speech/Oratory,736,"speech, address"
orbis,orbis,orbis -is m.,Noun: 3rd Declension,Geography,322,circle; orbis terrārum: world
ordo,ōrdō,ōrdō -īnis m.,Noun: 3rd Declension,War and Peace,416,"order, rank"
orior,orior,orior orīrī ortus sum,Verb: Deponent,Time,642,"arise, begin"
oro,ōrō,ōrō -āre,Verb: 1st Conjugation,Religion,755,pray
os,ōs,ōs ōris n.,Noun: 3rd Declension,The Body,147,"mouth, face"
os,os,os ossis n.,Noun: 3rd Declension,The Body,696,bone
ostendo,ostendō,ostendō ostendere ostendī ostentum,Verb: 3rd Conjugation -ō,Other Senses,371,"show, hold out"
otium,ōtium,ōtium -ī n.,Noun: 2nd Declension,Social Life,715,leisure
paene,paene,paene,Adverb,Conjunctions/Adverbs,944,almost
par,pār,pār paris,Adjective: 3rd Declension,Measurement,281,equal
parco,parcō,parcō parcere pepercī parsum,Verb: 3rd Conjugation -ō,War and Peace,412,"spare, be sparing of (+ dat.)"
parens,parēns,parēns -ntis m./f.,Noun: 3rd Declension,The Household,190,parent
pareo,pāreō,pāreō pārēre pāruī,Verb: 2nd Conjugation,Verbs of Compelling/Directing,847,obey
pario,pariō,pariō parere peperī partum,Verb: 3rd Conjugation -iō,Life and Being,829,"bring forth, give birth to; accomplish"
paro,parō,parō -āre,Verb: 1st Conjugation,Making/Doing,160,"prepare, acquire; parātus -a -um, ready"
pars,pars,pars partis f.,Noun: 3rd Declension,Measurement,65,part
parum,parum,parum,Adverb,Measurement,204,too little
parvus,parvus,parvus -a -um,Adjective: 1st and 2nd Declension,Measurement,143,small
pateo,pateō,pateō patēre patuī,Verb: 2nd Conjugation,Geography,550,"lie open, extend; be evident or obvious"
pater,pater,pater patris m.,Noun: 3rd Declension,The Household,71,"father, ancestor"
patior,patior,patior patī passus sum,Verb: Deponent,Verbs of Compelling/Directing,185,"permit, endure"
patria,patria,patria -ae f.,Noun: 1st Declension,Geography,342,"fatherland, country"
pauci,paucī,paucī -ae -a,Adjective: 1st and 2nd Declension,Measurement,858,"few, a few"
paulo,paulō,"paulō, paulum",Adverb,Measurement,872,"to only a small extent, slightly, a little"
pauper,pauper,pauper -eris,Adjective: 3rd Declension,Business/Money,844,"poor, lowly"
pax,pāx,pāx pācis f.,Noun: 3rd Declension,War and Peace,388,peace
pecco,peccō,peccō -āre,Verb: 1st Conjugation,Justice,792,"commit a wrong, injure"
pectus,pectus,pectus -oris n.,Noun: 3rd Declension,The Body,183,"chest, breast"
pecunia,pecūnia,pecūnia -ae f.,Noun: 1st Declension,Business/Money,530,money
pecus,pecus,pecus -oris n.,Noun: 3rd Declension,Animals/Plants,566,"cattle, sheep"
pello,pellō,pellō pellere pepulī pulsum,Verb: 3rd Conjugation -ō,Violence,563,"strike, beat, push, drive"
pendo,pendō,pendō pendere pependī pēnsum,Verb: 3rd Conjugation -ō,Business/Money,988,"weigh, hang, suspend; pay"
per,per,per,Preposition,Place,30,through (+acc.)
perdo,perdō,perdō -dere -didī -ditum,Verb: 3rd Conjugation -ō,Violence,488,destroy
pereo,pereō,pereō -īre -iī -itum,Verb: Irregular,Violence,268,"perish, be lost"
pergo,pergō,pergō pergere perrēxī perrēctum,Verb: 3rd Conjugation -ō,Motion,821,"continue, proceed; awaken"
periculum,perīculum,perīculum -ī n.,Noun: 2nd Declension,Violence,265,danger
permitto,permittō,permittō -mittere -mīsī -missum,Verb: 3rd Conjugation -ō,Verbs of Compelling/Directing,702,"yield, allow, permit"
perpetuus,perpetuus,perpetuus -a -um,Adjective: 1st and 2nd Declension,Lengths of Time,891,"unbroken, perpetual"
pertineo,pertineō,pertineō -tinēre -tinuī,Verb: 2nd Conjugation,Education/Knowledge,866,"extend over, reach; refer to, pertain to, be the business of"
pervenio,perveniō,perveniō -venīre -vēnī -ventum,Verb: 4th Conjugation,Travel,409,"arrive, reach"
pes,pēs,pēs pedis m.,Noun: 3rd Declension,The Body,199,foot
peto,petō,petō petere petīvī petītum,Verb: 3rd Conjugation -ō,Motion,83,"seek, aim at"
pietas,pietās,pietās -tātis f.,Noun: 3rd Declension,The Household,767,"sense of duty, devotion, esp. between parents and children"
pius,pius,pius -a -um,Adjective: 1st and 2nd Declension,Personality Traits/Characteristics,748,"dutiful, devoted, just, pious"
placeo,placeō,placeō placēre placuī placitum,Verb: 2nd Conjugation,Social Life,287,please
plebs,plēbs,plēbs plēbis f.,Noun: 3rd Declension,The City,649,the common people
plenus,plēnus,plēnus -a -um,Adjective: 1st and 2nd Declension,Measurement,459,full
plerumque,plērumque,plērumque,Adverb,Measurement,974,generally
plerus-,plērus-,plērus- plēra- plērumque,Adjective: 1st and 2nd Declension,Measurement,968,"the greater part, very many, most, the majority"
poena,poena,poena -ae f.,Noun: 1st Declension,Justice,223,"penalty, punishment"
poeta,poēta,poēta -ae m.,Noun: 1st Declension,Writing/Poetry,913,poet
pondus,pondus,pondus ponderis n.,Noun: 3rd Declension,Measurement,636,weight
pono,pōnō,pōnō pōnere posuī positum,Verb: 3rd Conjugation -ō,Verbs of Transport,102,"put, place; put aside"
pontus,pontus,pontus -ī m.,Noun: 2nd Declension,Earth and Water,630,"the open sea, the deep"
populus,populus,populus -ī m.,Noun: 2nd Declension,The City,122,people
porta,porta,porta -ae f.,Noun: 1st Declension,The City,759,gate
porto,portō,portō -āre,Verb: 1st Conjugation,Measurement,853,carry a load
posco,pōscō,pōscō pōscere popōscī,Verb: 3rd Conjugation -ō,Speech/Oratory,487,"demand, claim; inquire into"
possum,possum,possum posse potuī,Verb: Irregular,Making/Doing,23,be able
post,post,post,Preposition,Time,164,after (adv. and prep. +acc.)
postea,posteā,posteā,Adverb,Time,964,afterwards
posterus,posterus,posterus -a -um,Adjective: 1st and 2nd Declension,Time,877,"next, later"
postquam,postquam,postquam,Conjunction,Time,384,after
potens,potēns,potēns potentis,Adjective: 3rd Declension,Personality Traits/Characteristics,567,"able, powerful"
potestas,potestās,potestās -ātis f.,Noun: 3rd Declension,The City,737,power
potis,potis,potis -e,Adjective: 3rd Declension,Personality Traits/Characteristics,947,"powerful, able"
praebeo,praebeō,praebeō -ēre -uī -itum,Verb: 2nd Conjugation,Verbs of Transport,584,"furnish, supply, render"
praeceptum,praeceptum,praeceptum -ī n.,Noun: 2nd Declension,Justice,825,"rule, precept; command"
praecipio,praecipiō,praecipiō -cipere -cēpī -ceptum,Verb: 3rd Conjugation -iō,Speech/Oratory,945,"anticipate, advise, warn"
praeda,praeda,praeda -ae f.,Noun: 1st Declension,War and Peace,626,"booty, prey"
praemium,praemium,praemium -ī n.,Noun: 2nd Declension,Business/Money,680,"bounty, reward"
praesens,praesēns,praesēns -ntis,Adjective: 3rd Declension,Place,822,"present, in person, ready"
praesidium,praesidium,praesidium -ī n.,Noun: 2nd Declension,War and Peace,582,"garrison, protection"
praesto,praestō,praestō -stāre -stitī -stitum,Verb: 1st Conjugation,Other Senses,423,"excel, exhibit"
praeter,praeter,praeter,Preposition,Place,756,"by, along, past; besides, except (+ acc.)"
praeterea,praetereā,praetereā,Adverb,Conjunctions/Adverbs,681,"besides, moreover"
praetor,praetor,praetor -ōris m.,Noun: 3rd Declension,The City,878,"praetor, one of the chief Roman magistrates"
precor,precor,precor -ārī,Verb: Deponent,Religion,492,"pray, invoke"
premo,premō,premō premere pressī pressum,Verb: 3rd Conjugation -ō,War and Peace,240,"press, pursue, overwhelm"
pretium,pretium,pretium -ī n.,Noun: 2nd Declension,Business/Money,629,"price, worth, reward; pretium operae: a reward for trouble"
prex,prex,prex precis f.,Noun: 3rd Declension,Religion,520,"prayers, entreaties"
primum,prīmum,prīmum,Adverb,Time,252,"at first, firstly"
primus,prīmus,prīmus -a -um,Adjective: 1st and 2nd Declension,Time,91,first
princeps,prīnceps,prīnceps -cipis,Adjective: 3rd Declension,The City,317,"first, chief; (as subst.) leader, person in charge"
principium,prīncipium,prīncipium -ī n.,Noun: 2nd Declension,Time,948,beginning
prior,prior,prior prius,Adjective: 3rd Declension,Time,526,"earlier, preceding"
privatus,prīvātus,prīvātus -a -um,Adjective: 1st and 2nd Declension,Social Life,882,"personal, private"
prius,prius,prius or priusquam,Adverb,Time,484,before
pro,prō,prō,Preposition,Non-Directional Prepositions,128,"for, on behalf of, in proportion to (+abl.)"
probo,probō,probō -āre,Verb: 1st Conjugation,Verbs of Compelling/Directing,784,"approve, prove; convince one (dat.) of a thing (acc.)"
procedo,prōcēdō,prōcēdō -cēdere -cessī -cessum,Verb: 3rd Conjugation -ō,Motion,746,"go forth, advance"
procul,procul,procul,Adverb,Place,397,at a distance
prodo,prōdō,prōdō prōdere prōdidī prōditum,Verb: 3rd Conjugation -ō,Verbs of Transport,929,"publish, hand down; give over, betray"
proelium,proelium,proelium -ī n.,Noun: 2nd Declension,War and Peace,348,battle
proficiscor,proficīscor,proficīscor -ficīscī -fectus sum,Verb: Deponent,Travel,835,"set forth, go"
prohibeo,prohibeō,prohibeō -ēre -uī -itum,Verb: 2nd Conjugation,Verbs of Compelling/Directing,604,"restrain, keep away"
promitto,prōmittō,prōmittō -mittere -mīsī -missum,Verb: 3rd Conjugation -ō,Verbs of Compelling/Directing,720,"send forth, offer"
prope,prope,prope,Preposition,Place,189,"near, next; (comp.) propior, (superl.) proximus; (adv.) prope, nearly, almost"
propero,properō,properō -āre,Verb: 1st Conjugation,Motion,537,"hasten, speed"
propono,prōpōnō,prōpōnō -pōnere -posuī -positum,Verb: 3rd Conjugation -ō,Speech/Oratory,930,"put forth, propose, present"
proprius,proprius,proprius -a -um,Adjective: 1st and 2nd Declension,Pronouns/Interrogatives,854,"one’s own, peculiar"
propter,propter,propter,Preposition,Non-Directional Prepositions,560,because of (+ acc.)
prosum,prōsum,prōsum prodesse profuī,Verb: Irregular,Social Life,373,"be of use, do good, help (+ dat.)"
protinus,prōtinus,prōtinus,Adverb,Time,903,"at once, forthwith"
provincia,prōvincia,prōvincia -ae f.,Noun: 1st Declension,The City,620,province; official duty
publicus,pūblicus,pūblicus -a -um,Adjective: 1st and 2nd Declension,The City,517,"public, belonging to the state"
pudor,pudor,pudor pudōris m.,Noun: 3rd Declension,Personality Traits/Characteristics,616,"sense of shame, modesty, propriety"
puella,puella,puella -ae f.,Noun: 1st Declension,People,233,girl; girl-friend
puer,puer,puer puerī m.,Noun: 2nd Declension,People,191,boy; slave
pugna,pūgna,pūgna -ae f.,Noun: 1st Declension,Violence,650,fist-fight; battle
pugno,pugnō,pugnō -āre,Verb: 1st Conjugation,Violence,708,fight
pulcher,pulcher,pulcher -chra -chrum,Adjective: 1st and 2nd Declension,Vision,569,beautiful
puto,putō,putō -āre,Verb: 1st Conjugation,Education/Knowledge,166,"think, suppose"
qua,quā,quā,Pronoun,Pronouns/Interrogatives,336,"where, how"
quaero,quaerō,quaerō -rere -sīvī -sītum,Verb: 3rd Conjugation -ō,Education/Knowledge,113,"seek, inquire"
qualis,quālis,quālis -e,Pronoun,Pronouns/Interrogatives,263,of what kind? what?
quam,quam,quam,Adverb,Pronouns/Interrogatives,29,how?; (after comparative) than
quamquam,quamquam,quamquam,Conjunction,Conjunctions/Adverbs,644,"however, although"
quamvis,quamvīs,quamvīs,Adverb,Conjunctions/Adverbs,489,however you like; although
quando,quandō,quandō,Adverb,Pronouns/Interrogatives,621,when?; since; sī quandō: if ever
quantum,quantum,quantum,Adverb,Pronouns/Interrogatives,557,(adv.) how much? how greatly? how much! how greatly! as much as
quantus,quantus,quantus -a -um,Pronoun,Pronouns/Interrogatives,311,"(interr.) how great? (rel.) of what size, amount, etc. (as subst.) what amount? (rel.) which amount; quantī, at what price? (rel.) at which price"
quare,quārē,quārē,Adverb,Pronouns/Interrogatives,786,how? why?
quasi,quasi,quasi,Adverb,Conjunctions/Adverbs,938,as if
quattuor,quattuor,quattuor,Adjective: Numeral,Measurement,867,four
que,que,que,Conjunction,Conjunctions/Adverbs,4,and (postpositive enclitic)
quemadmodum,quemadmodum,quemadmodum,Adverb,Pronouns/Interrogatives,531,"in what manner, how"
queror,queror,queror querī questus sum,Verb: Deponent,Emotions,518,"complain of, lament"
qui,quī,quī quae quod,Pronoun,Pronouns/Interrogatives,3,"who, which, what"
quia,quia,quia,Conjunction,Conjunctions/Adverbs,132,because
quicumque,quīcumque,quīcumque quaecumque quodcumque,Pronoun,Pronouns/Interrogatives,284,"who-, whatever"
quidam,quīdam,quīdam quaedam quoddam,Pronoun,Pronouns/Interrogatives,126,"a certain one, someone"
quidem,quidem,quidem,Adverb,Conjunctions/Adverbs,136,"certainly, at least"
quiesco,quiēscō,quiēscō quiēscere quiēvī quiētum,Verb: 3rd Conjugation -ō,Life and Being,969,keep quiet; sleep
quin,quīn,quīn,Adverb,Conjunctions/Adverbs,456,"(adv.) indeed, in fact; (conjunction) so that ... not (+ subj.)"
quippe,quīppe,quīppe,Adverb,Conjunctions/Adverbs,499,"(adv.) indeed, surely"
quis,quis,quis quid,Pronoun,Pronouns/Interrogatives,212,who? what? which?
quisquam,quisquam,quisquam quicquam/quidquam,Pronoun,Pronouns/Interrogatives,12,"any (single) person, anyone at all"
quisque,quisque,quisque quaeque quidque,Pronoun,Pronouns/Interrogatives,197,"each one, everyone"
quisquis,quisquis,quisquis quidquid,Pronoun,Pronouns/Interrogatives,129,"whoever, whichever"
quo,quō,quō,Adverb,Pronouns/Interrogatives,305,"for which reason; to or in what place; to what end, for what purpose?"
quomodo,quōmodo,quōmodo,Conjunction,Pronouns/Interrogatives,831,"in what way, how?"
quondam,quondam,quondam,Adverb,Time,542,"formerly, once"
quoniam,quoniam,quoniam,Conjunction,Conjunctions/Adverbs,510,"since, seeing that"
quoque,quoque,quoque,Conjunction,Conjunctions/Adverbs,76,"also, too"
quotiens,quotiēns,quotiēns,Adverb,Pronouns/Interrogatives,970,"interr. how many times? how often? rel. as often as, whenever"
rapio,rapiō,rapiō rapere rapuī raptum,Verb: 3rd Conjugation -iō,Violence,273,"seize, tear away"
rarus,rārus,rārus -a -um,Adjective: 1st and 2nd Declension,Measurement,752,"wide apart, loose, thin; rare, seldom"
ratio,ratiō,ratiō -ōnis f.,Noun: 3rd Declension,Education/Knowledge,256,"method, plan, reason"
recedo,recēdō,recēdō -cēdere -cessī -cessum,Verb: 3rd Conjugation -ō,Motion,826,"step back, recoil, recede, withdraw"
recens,recēns,recēns -ntis,Adjective: 3rd Declension,Time,781,"fresh, new"
recipio,recipiō,recipiō -cipere -cēpī -ceptum,Verb: 3rd Conjugation -iō,Verbs of Transport,319,"take back, receive; sē recipere, betake oneself, go"
rectus,rēctus,rēctus -a -um,Adjective: 1st and 2nd Declension,Measurement,823,"straight, direct"
reddo,reddō,reddō -dere -didī -ditum,Verb: 3rd Conjugation -ō,Verbs of Transport,174,"return, give back"
redeo,redeō,redeō -īre -iī -itum,Verb: Irregular,Motion,301,"go back, return"
refero,referō,referō referre rettulī relātum,Verb: Irregular,Verbs of Transport,171,bring back; report
regio,regiō,regiō -ōnis f.,Noun: 3rd Declension,Geography,585,"boundary, region"
regius,rēgius,rēgius -a -um,Adjective: 1st and 2nd Declension,Personality Traits/Characteristics,561,"kingly, royal"
regnum,rēgnum,rēgnum -ī n.,Noun: 2nd Declension,Geography,121,"kingship, kingdom"
rego,regō,regō regere rēxī rēctum,Verb: 3rd Conjugation -ō,The City,554,"guide, rule"
relinquo,relinquō,relinquō -linquere -līquī -lictum,Verb: 3rd Conjugation -ō,Motion,144,abandon
reliquus,reliquus,reliquus -a -um,Adjective: 1st and 2nd Declension,Measurement,788,"remaining, rest"
reor,reor,reor rērī rātus sum,Verb: Deponent,Education/Knowledge,774,"think, imagine, suppose, deem"
reperio,reperiō,reperiō -perīre -pperī -pertum,Verb: 4th Conjugation,Education/Knowledge,765,"find, find out"
repeto,repetō,repetō -petere -petīvī -petītum,Verb: 3rd Conjugation -ō,Verbs of Compelling/Directing,651,"demand, exact; revisit; call to mind, recollect; repeat"
res,rēs,rēs reī f.,Noun: 5th Declension,Life and Being,38,"thing (rēs pūblica, commonwealth; rēs familiāris, family property, estate; rēs mīlitāris, art of war; rēs novae, revolution)"
respicio,respicio,respicio -ere -spēxī -spectum,Verb: 3rd Conjugation -iō,Vision,722,"look back, regard, consider"
respondeo,respondeō,respondeō -spondēre -spondī -spōnsum,Verb: 2nd Conjugation,Speech/Oratory,535,answer
retineo,retineō,retineō -tinēre -tinuī -tentum,Verb: 2nd Conjugation,Verbs of Compelling/Directing,647,"hold back, keep"
reverto,revertō,revertō -vertere -vertī,Verb: 3rd Conjugation -ō,Motion,995,turn back
revoco,revocō,revocō -āre,Verb: 1st Conjugation,Social Life,813,"call back, recall"
reus,reus,reus -ī m.,Noun: 2nd Declension,Justice,888,defendant
rex,rēx,rēx rēgis m.,Noun: 3rd Declension,The City,60,king
rideo,rīdeō,rīdeō -ēre rīsī rīsum,Verb: 3rd Conjugation -ō,Emotions,874,"laugh, laugh at"
ripa,rīpa,rīpa -ae f.,Noun: 1st Declension,Earth and Water,662,bank of a river
rogo,rogō,rogō -āre,Verb: 1st Conjugation,Speech/Oratory,551,ask
rumpo,rumpō,rumpō rumpere rūpī ruptum,Verb: 3rd Conjugation -ō,Violence,480,"break, rupture"
rursus,rūrsus,rūrsus,Adverb,Place,440,"back, again"
rus,rūs,rūs rūris n.,Noun: 3rd Declension,Geography,879,country
sacer,sacer,sacer sacra sacrum,Adjective: 1st and 2nd Declension,Religion,398,"holy, sacred"
sacerdos,sacerdōs,sacerdōs -dōtis m./f.,Noun: 3rd Declension,Religion,939,"priest, priestess"
saeculum,saeculum,saeculum -ī n.,Noun: 2nd Declension,Lengths of Time,776,"generation, age, century"
saepe,saepe,saepe,Adverb,Time,145,often
saevus,saevus,saevus -a -um,Adjective: 1st and 2nd Declension,Personality Traits/Characteristics,244,"fierce, raging, wrathful"
salus,salūs,salūs -ūtis f.,Noun: 3rd Declension,Life and Being,549,"health, safety"
sanctus,sānctus,sānctus -a -um,Adjective: 1st and 2nd Declension,Religion,659,"sacred, inviolable"
sanguis,sanguis,sanguis -inis m.,Noun: 3rd Declension,The Body,214,blood
sanus,sānus,sānus -a -um,Adjective: 1st and 2nd Declension,Life and Being,946,"sound, sane"
sapiens,sapiēns,sapiēns -ntis,Adjective: 3rd Declension,Education/Knowledge,453,"wise; (as subst.) wise man, sage, philosopher"
sapientia,sapientia,sapientia -ae f.,Noun: 1st Declension,Education/Knowledge,797,wisdom
satis,satis,"satis, sat",Adverb,Measurement,341,"enough, sufficient, sufficiently"
saxum,saxum,saxum -ī n.,Noun: 2nd Declension,Earth and Water,306,"rock, cliff, crag"
scelus,scelus,scelus -eris n.,Noun: 3rd Declension,Justice,154,"crime, sin"
scientia,scientia,scientia -ae f.,Noun: 1st Declension,Education/Knowledge,971,knowledge
scilicet,scīlicet,scīlicet,Adverb,Conjunctions/Adverbs,889,"certainly, of course"
scio,sciō,sciō -īre -īvī/-iī -ītum,Verb: 4th Conjugation,Education/Knowledge,172,know
scribo,scrībō,scrībō scrībere scrīpsī scrīptum,Verb: 3rd Conjugation -ō,Writing/Poetry,568,write
secundus,secundus,secundus -a -um,Adjective: 1st and 2nd Declension,Measurement,836,following; favorable; (as numeral) second
securus,sēcūrus,sēcūrus -a -um,Adjective: 1st and 2nd Declension,Personality Traits/Characteristics,697,"free from care, tranquil; careless"
sed,sed,sed,Conjunction,Conjunctions/Adverbs,20,but
sedeo,sedeō,sedeō sedēre sēdī sessum,Verb: 2nd Conjugation,The House,506,sit
sedes,sēdēs,sēdēs -is f.,Noun: 3rd Declension,The House,403,"seat, abode, habitation"
semel,semel,semel,Adverb,Time,789,once
semper,semper,semper,Adverb,Time,149,"always, ever"
senatus,senātus,senātus -ūs m.,Noun: 4th Declension,The City,329,senate
senex,senex,senex -is m.,Noun: 3rd Declension,People,558,"old man, elder; senior, older"
sensus,sēnsus,sēnsus -ūs m.,Noun: 4th Declension,Emotions,793,"feeling, emotion, sense"
sententia,sententia,sententia -ae f.,Noun: 1st Declension,Education/Knowledge,586,"opinion, judgment"
sentio,sentiō,sentiō sentīre sēnsī sēnsum,Verb: 4th Conjugation,Other Senses,302,"perceive, feel, hear, see"
sepulcrum,sepulcrum,sepulcrum -ī n.,Noun: 2nd Declension,Life and Being,949,"place of burial, tomb, grave"
sequor,sequor,sequor sequī secūtus sum,Verb: Deponent,Motion,108,follow
sermo,sermō,sermō -ōnis m.,Noun: 3rd Declension,Speech/Oratory,575,"conversation, discourse"
servio,serviō,serviō -īre,Verb: 4th Conjugation,The Household,883,"be a slave, serve (+ dat.)"
servo,servō,servō -āre,Verb: 1st Conjugation,The Household,289,"save, watch over"
servus,servus,servus -ī m.,Noun: 2nd Declension,The Household,496,slave
seu,seu,seu,Conjunction,Conjunctions/Adverbs,343,whether; seu ... seu: whether ... or → sīve
si,sī,sī,Conjunction,Conjunctions/Adverbs,16,if
sic,sīc,sīc,Adverb,Conjunctions/Adverbs,79,"in this manner, thus; sīc ... ut: in the same way as"
sicut,sīcut,sīcut,Adverb,Conjunctions/Adverbs,791,just as
sidus,sīdus,sīdus -eris n.,Noun: 3rd Declension,Air and Fire,359,"star, constellation"
signum,sīgnum,sīgnum -ī n.,Noun: 2nd Declension,War and Peace,261,"sign, standard, mark"
silva,silva,silva -ae f.,Noun: 1st Declension,Animals/Plants,234,"forest, grove"
similis,similis,similis -e,Adjective: 3rd Declension,Personality Traits/Characteristics,414,"like, similar"
simul,simul,simul,Adverb,Time,274,at the same time
sine,sine,sine,Preposition,Non-Directional Prepositions,104,without (+ abl.)
singuli,singulī,singulī -ae -a,Adjective: 1st and 2nd Declension,Measurement,507,one each
sino,sinō,sinō sinere sīvī situm,Verb: 3rd Conjugation -ō,Verbs of Compelling/Directing,717,"allow, let go"
sinus,sinus,sinus -ūs m.,Noun: 4th Declension,Earth and Water,478,"fold of a garment; lap, bay, gulf"
sive,sīve,sīve,Conjunction,Conjunctions/Adverbs,362,whether; sīve ... sīve: whether ... or → seu
socius,socius,socius -a -um,Adjective: 1st and 2nd Declension,Social Life,372,"friendly, allied; socius -ī m.: partner, comrade"
sol,sōl,sōl sōlis m.,Noun: 3rd Declension,Air and Fire,320,sun
soleo,soleō,soleō -ēre -uī -itum,Verb: 2nd Conjugation,Personality Traits/Characteristics,246,be accustomed
solum,sōlum,sōlum,Adverb,Measurement,897,"only, merely"
solvo,solvō,solvō solvere solvī solūtum,Verb: 2nd Conjugation,Travel,325,"release, set sail"
solus,sōlus,sōlus -a -um,Adjective: 1st and 2nd Declension,Measurement,176,"only, alone"
somnus,somnus,somnus -ī m.,Noun: 2nd Declension,Life and Being,438,"sleep, slumber; (pl.) dreams"
sono,sonō,sonō sonāre sonuī sonitum,Verb: 1st Conjugation,Other Senses,583,"sound, resound"
soror,soror,soror -ōris f.,Noun: 3rd Declension,The Household,497,sister
sors,sors,sors sortis f.,Noun: 3rd Declension,Religion,639,"lot, fate, destiny; oracle"
spargo,spargō,spargō spargere sparsī sparsum,Verb: 3rd Conjugation -ō,Earth and Water,532,scatter
spatium,spatium,spatium -ī n.,Noun: 2nd Declension,Air and Fire,426,space
species,speciēs,speciēs -ēī f.,Noun: 5th Declension,Vision,599,"aspect, appearance"
specto,spectō,spectō -āre,Verb: 1st Conjugation,Vision,473,"look at, consider"
spero,spērō,spērō -āre,Verb: 1st Conjugation,Emotions,648,to hope
spes,spēs,spēs speī f.,Noun: 5th Declension,Emotions,232,hope
spiritus,spīritus,spīritus -ūs m.,Noun: 4th Declension,Life and Being,703,"breath, life, spirit"
statim,statim,statim,Adverb,Time,798,immediately
statuo,statuō,statuō -ere -uī -ūtum,Verb: 3rd Conjugation -ō,Justice,678,"set up, determine"
stella,stella,stella -ae f.,Noun: 1st Declension,Air and Fire,934,star
sto,stō,stō stāre stetī statum,Verb: 1st Conjugation,Life and Being,168,stand
studeo,studeō,studeō -ēre -uī,Verb: 2nd Conjugation,Emotions,989,"be eager, be zealous, care for (+ dat.)"
studium,studium,studium -ī n.,Noun: 2nd Declension,Emotions,450,"eagerness, zeal"
sub,sub,sub,Preposition,Place,118,"under, close to (+acc. or abl.)"
subeo,subeō,subeō -īre -iī -itum,Verb: Irregular,Motion,538,go under; endure
subito,subitō,subitō,Adverb,Time,848,"suddenly, unexpectedly"
sui,sui,sui sibi sē/sēsē,Pronoun,Pronouns/Interrogatives,17,"him- her- itself, themselves"
sum,sum,sum esse fuī futūrum,Verb: Irregular,Life and Being,2,"be, exist; fut. infin. often = fore, impf. subj. often = forem for essem"
sumo,sūmō,sūmō sūmere sūmpsī sūmptum,Verb: 3rd Conjugation -ō,Motion,454,take up
super,super,super,Adverb,Place,401,over (adv. and prep. +acc.)
superbus,superbus,superbus -a -um,Adjective: 1st and 2nd Declension,Personality Traits/Characteristics,656,"overbearing, proud, haughty"
superi,superī,superī -ōrum m. pl.,Noun: 2nd Declension,Religion,714,"those above, i.e. the gods"
supero,superō,superō -āre,Verb: 1st Conjugation,War and Peace,668,"overcome, surpass, defeat"
supersum,supersum,supersum -esse -fuī,Verb: Irregular,Place,623,"remain, survive; be superfluous (to)"
superus,superus,superus -a -um,Adjective: 1st and 2nd Declension,Religion,99,"situated above, upper"
supplicium,supplicium,supplicium -ī n.,Noun: 2nd Declension,Justice,683,"punishment, penalty"
supra,suprā,suprā,Preposition,Place,588,"above, beyond (adv. and prep. +acc.)"
surgo,surgō,surgō surgere surrēxī surrēctum,Verb: 3rd Conjugation -ō,Earth and Water,570,rise
suscipio,suscipiō,suscipiō -cipere -cēpī ceptum,Verb: 3rd Conjugation -iō,Verbs of Transport,937,take up
sustineo,sustineō,sustineō sustinēre sustinuī sustentum,Verb: 2nd Conjugation,Social Life,762,"hold up, sustain"
suus,suus,suus -a -um,Adjective: 1st and 2nd Declension,Pronouns/Interrogatives,27,"his own, her own, its own"
taceo,taceō,taceō -ēre -uī -itum,Verb: 2nd Conjugation,Other Senses,369,"be silent; tacitus -a -um, silent"
talis,tālis,tālis tāle,Adjective: 3rd Declension,Measurement,203,such
tam,tam,tam,Adverb,Conjunctions/Adverbs,96,"so, so much"
tamen,tamen,tamen,Conjunction,Conjunctions/Adverbs,58,"nevertheless, still"
tamquam,tamquam,tamquam,Adverb,Conjunctions/Adverbs,363,"so as, just as"
tandem,tandem,tandem,Adverb,Conjunctions/Adverbs,427,finally
tango,tangō,tangō tangere tetigī tāctum,Verb: 3rd Conjugation -ō,Other Senses,534,touch
tantum,tantum,"tantum, tantummodo",Adverb,Measurement,216,only
tantus,tantus,tantus -a -um,Adjective: 1st and 2nd Declension,Measurement,105,"so great, so much; (as pronoun) such a quantity, so much; tantī, at such a price, of such worth"
tardus,tardus,tardus -a -um,Adjective: 1st and 2nd Declension,Time,738,"slow, sluggish, lingering"
tectum,tēctum,tēctum -ī n.,Noun: 2nd Declension,The House,386,"roof; building, house"
tego,tegō,tegō tegere tēxī tēctum,Verb: 3rd Conjugation -ō,Deception,376,"cover, conceal"
tellus,tellus,tellus tellūris f.,Noun: 3rd Declension,Earth and Water,337,earth
telum,tēlum,tēlum -ī n.,Noun: 2nd Declension,War and Peace,255,"missile, weapon, spear"
tempestas,tempestas,tempestas -tātis f.,Noun: 3rd Declension,Lengths of Time,753,"period of time, season; bad weather, storm"
templum,templum,templum -ī n.,Noun: 2nd Declension,Religion,485,consecrated ground; temple
tempus,tempus,tempus -oris n.,Noun: 3rd Declension,Time,89,time
tendo,tendō,tendō tendere tetendī tentum,Verb: 3rd Conjugation -ō,Travel,529,"stretch, extend, direct (one’s steps or course)"
tenebrae,tenebrae,tenebrae -brārum f. pl.,Noun: 1st Declension,Vision,775,"darkness, the shadows"
teneo,teneō,teneō -ēre -uī tentum,Verb: 2nd Conjugation,Other Senses,106,"hold, keep"
tener,tener,tener -era -erum,Adjective: 1st and 2nd Declension,Other Senses,490,tender
tempto,temptō,temptō -āre,Verb: 1st Conjugation,Making/Doing,430,"try, test"
tergum,tergum,tergum -ī n.,Noun: 2nd Declension,The Body,474,"back, rear; ā tergō: from the rear"
terra,terra,terra -ae f.,Noun: 1st Declension,Earth and Water,70,land
terreo,terreō,terreō terrēre terruī territum,Verb: 2nd Conjugation,Emotions,705,"terrify, frighten"
tertius,tertius,tertius -a -um,Adjective: 1st and 2nd Declension,Measurement,682,third
testis,testis,testis -is m.,Noun: 3rd Declension,Justice,741,witness
timeo,timeō,timeō -ēre -uī,Verb: 2nd Conjugation,Emotions,153,"to fear, to dread"
timor,timor,timor -ōris m.,Noun: 3rd Declension,Emotions,536,fear
tollo,tollō,tollō tollere sustulī sublātum,Verb: Irregular,Violence,293,"raise up, destroy"
tot,tot,tot,Adverb,Measurement,259,so many
totus,tōtus,tōtus -a -um,Adjective: 1st and 2nd Declension,Measurement,78,"whole, entire"
trado,trādō,trādō -dere -didī -ditum,Verb: 3rd Conjugation -ō,Business/Money,297,"hand over, yield"
traho,trahō,trahō trahere trāxī trāctum,Verb: 3rd Conjugation -ō,Verbs of Compelling/Directing,213,"drag, draw"
transeo,trānseō,trānseō -īre -iī -itum,Verb: Irregular,Travel,431,go across
tres,trēs,trēs tria,Adjective: Numeral,Measurement,533,three
tribunus,tribūnus,tribūnus -ī m.,Noun: 2nd Declension,The City,807,"tribune, title of various Roman officials, as mīlitum, plēbis, aerāriī"
tristis,trīstis,trīstis -e,Adjective: 3rd Declension,Emotions,275,"sad, solemn, grim"
tu,tū,tū tuī tibi tē,Pronoun,Pronouns/Interrogatives,9,you (sing.)
tum,tum,tum or tunc,Adverb,Time,56,then
turba,turba,turba -ae f.,Noun: 1st Declension,The City,323,"crowd, uproar"
turbo,turbō,turbō -āre,Verb: 1st Conjugation,Speech/Oratory,868,"disturb, confuse"
turpis,turpis,turpis -e,Adjective: 3rd Declension,Other Senses,377,"ugly, unsightly; disgraceful"
tutus,tūtus,tūtus -a -um,Adjective: 1st and 2nd Declension,War and Peace,365,"safe, protected"
tuus,tuus,tuus -a -um,Adjective: 1st and 2nd Declension,Pronouns/Interrogatives,44,your
vaco,vacō,vacō vacāre,Verb: 1st Conjugation,Measurement,724,"be empty, open, unoccupied"
vacuus,vacuus,vacuus -a -um,Adjective: 1st and 2nd Declension,Measurement,673,empty
vagus,vagus,vagus -a -um,Adjective: 1st and 2nd Declension,Travel,674,"wandering, shifting"
valeo,valeō,valeō valēre valuī,Verb: 2nd Conjugation,Social Life,539,"be strong, excel, be valid, prevail; valē: farewell!"
validus,validus,validus -a -um,Adjective: 1st and 2nd Declension,Personality Traits/Characteristics,816,strong
vanus,vanus,vanus -a -um,Adjective: 1st and 2nd Declension,Deception,856,"empty; false, deceitful"
varius,varius,varius -a -um,Adjective: 1st and 2nd Declension,Other Senses,631,"changing, varied, various"
vates,vātēs,vātēs -is m.,Noun: 3rd Declension,Writing/Poetry,684,"poet, bard"
ubi,ubi,ubi,Adverb,Place,92,"where, when"
ve,ve,ve,Conjunction,Conjunctions/Adverbs,307,or (postpositive enclitic)
veho,vehō,vehō vehere vēxī vectum,Verb: 3rd Conjugation -ō,Travel,632,"carry; vehor vehī vectus sum: travel, ride"
vel,vel,vel,Conjunction,Conjunctions/Adverbs,141,"or else, or; even; vel ... vel: either … or"
velut,velut,velut,Adverb,Conjunctions/Adverbs,447,"even as, just as"
venio,veniō,veniō venīre vēnī ventum,Verb: 4th Conjugation,Motion,63,come
ventus,ventus,ventus -ī m.,Noun: 2nd Declension,Air and Fire,269,wind
verbum,verbum,verbum -ī n.,Noun: 2nd Declension,Writing/Poetry,188,word
vere,vērē,vērē,Adverb,Speech/Oratory,983,truly
vereor,vereor,vereor verērī veritus sum,Verb: Deponent,Emotions,884,"fear, stand in awe of"
vero,vērō,vērō,Adverb,Conjunctions/Adverbs,280,"in fact, certainly, without doubt"
verto,vertō,vertō vertere vertī versum,Verb: 3rd Conjugation -ō,Motion,288,turn
verus,vērus,vērus -a -um,Adjective: 1st and 2nd Declension,Speech/Oratory,410,true
vester,vester,vester vestra vestrum,Adjective: 1st and 2nd Declension,Pronouns/Interrogatives,282,your
vestigium,vestīgium,vestīgium -ī n.,Noun: 2nd Declension,Travel,716,"footstep, footprint, track"
vestis,vestis,vestis -is f.,Noun: 3rd Declension,Life and Being,413,"garment, robe, clothing"
veto,vetō,vetō -āre vetuī vetītum,Verb: 1st Conjugation,Verbs of Compelling/Directing,665,forbid
vetus,vetus,vetus veteris,Adjective: 3rd Declension,Time,295,old
via,via,via -ae f.,Noun: 1st Declension,Travel,196,"way, street"
vicinus,vīcīnus,vīcīnus -a -um,Adjective: 1st and 2nd Declension,Geography,940,"neighboring, near"
victor,victor,victor -ōris m.,Noun: 3rd Declension,War and Peace,340,conqueror
victoria,victōria,victōria -ae f.,Noun: 1st Declension,War and Peace,750,victory
video,videō,videō vidēre vīdī vīsum,Verb: 2nd Conjugation,Vision,31,see
vinco,vincō,vincō vincere vīcī victum,Verb: 3rd Conjugation -ō,War and Peace,101,conquer
vinculum,vinculum,vinculum -ī n.,Noun: 2nd Declension,War and Peace,594,"bond, fetter, tie"
vinum,vīnum,vīnum -ī n.,Noun: 2nd Declension,Animals/Plants,640,"vine, wine"
vir,vir,vir virī m.,Noun: 2nd Declension,People,85,man
virgo,virgō,virgō -inis f.,Noun: 3rd Declension,People,418,"maiden, virgin, girl"
virtus,virtūs,virtūs -ūtis f.,Noun: 3rd Declension,Personality Traits/Characteristics,111,"valor, manliness, virtue"
vis,vīs,vīs f.,Noun: 3rd Declension,War and Peace,115,"force; (acc.) vim, (abl.) vī; (pl.) vīrēs, strength"
vita,vīta,vīta -ae f.,Noun: 1st Declension,Life and Being,87,life
vitium,vitium,vitium -ī n.,Noun: 2nd Declension,Justice,326,"flaw, fault, crime"
vito,vītō,vītō -āre,Verb: 1st Conjugation,Social Life,881,"avoid, shun"
vivo,vīvō,vīvō vīvere vīxī vīctum,Verb: 3rd Conjugation -ō,Life and Being,156,live
vix,vix,vix,Adverb,Conjunctions/Adverbs,352,scarcely
ullus,ūllus,ūllus -a -um,Adjective: 1st and 2nd Declension,Pronouns/Interrogatives,178,"any, anyone"
ultimus,ultimus,ultimus -a -um,Adjective: 1st and 2nd Declension,Geography,432,"farthest, final, last, ultimate"
ultra,ultrā,ultrā,Preposition,Place,600,"beyond, further (adv. and prep. + acc.)"
umbra,umbra,umbra -ae f.,Noun: 1st Declension,Vision,257,"shade, shadow"
umquam,umquam,umquam,Adverb,Time,482,ever
unda,unda,unda -ae f.,Noun: 1st Declension,Earth and Water,207,"wave, flowing water, water"
unde,unde,unde,Adverb,Place,300,from where
undique,undique,undique,Adverb,Place,686,"from all sides, on all sides"
unus,ūnus,ūnus -a -um,Adjective: 1st and 2nd Declension,Measurement,53,one
voco,vocō,vocō -āre,Verb: 1st Conjugation,Speech/Oratory,158,call
volo,volō,volō velle voluī,Verb: Irregular,Emotions,66,"wish, be willing"
volucer,volucer,volucer -cris -cre,Adjective: 3rd Declension,Animals/Plants,977,flying
volucris,volucris,volucris -is f./m.,Noun: 3rd Declension,Animals/Plants,976,bird
voluntas,voluntās,voluntās -ātis f.,Noun: 3rd Declension,Emotions,859,"wish, desire"
voluptas,voluptās,voluptās -ātis f.,Noun: 3rd Declension,Social Life,378,"pleasure, enjoyment"
vos,vōs,vōs,Adjective: 1st and 2nd Declension,Pronouns/Interrogatives,130,"you (pl.); (gen.) vestrum/vestrī, (dat./abl.) vōbīs, (acc.) vōs"
votum,vōtum,vōtum -ī n.,Noun: 2nd Declension,Religion,334,"solemn promise, vow; hope"
vox,vōx,vōx vōcis f.,Noun: 3rd Declension,Speech/Oratory,169,"voice, utterance"
urbs,urbs,urbs urbis f.,Noun: 3rd Declension,The City,82,city
usque,ūsque,ūsque,Adverb,Time,527,up to; continuously
usus,ūsus,ūsus -ūs m.,Noun: 4th Declension,Education/Knowledge,446,"use, experience"
ut,ut,"ut, utī",Adverb,Conjunctions/Adverbs,15,"as (+ indic.); so that, with the result that (+ subj.); (in questions) in what manner, how; (exclam.) to what an extent! how!"
uterque,uterque,uterque utraque utrumque,Conjunction,Measurement,243,each of two
utilis,ūtilis,ūtilis -e,Adjective: 3rd Declension,Making/Doing,850,useful
utor,ūtor,ūtor ūtī ūsus sum,Verb: Deponent,Making/Doing,330,"use, consume, employ (+ abl.)"
utrum,utrum,utrum,Conjunction,Conjunctions/Adverbs,827,whether; utrum ... an: whether ... or
vulgo,vulgō,vulgō,Adverb,The City,991,commonly
vulgus,vulgus,vulgus -ī n. and m.,Noun: 2nd Declension,The City,675,the common people
vulnus,vulnus,vulnus -eris n.,Noun: 3rd Declension,Violence,327,wound
vultus,vultus,vultus -ūs m.,Noun: 4th Declension,The Body,209,"look, expression, face"
uxor,uxor,uxor uxōris f.,Noun: 3rd Declension,The Household,552,wife
